1347^FLYCO飞科电吹风FH6217(小功率 1000W功率 可折叠式 冷/热风 健康柔风护发 过热保险 波纹丝热量均衡功能)^222|621|521^B00186LVO4^https://images-cn-4.ssl-images-amazon.com/images/I/31QUM6HycPL._SY300_QL70_.jpg^家用电器|电吹风|个人护理电器
2263^Kingston 金士顿 KVR1333D3N9/4G 台式机内存(DDR3 1333 4G 宽版窄版随机发货)^1057|818|652^B005DVVOUG^https://images-cn-4.ssl-images-amazon.com/images/I/41mv2FmlLjL._SX300_QL70_.jpg^内存|电脑硬件|电脑/办公
3982^Fuhlen 富勒 M8眩光舞者时尚节能无线鼠标(草绿)(眩光.悦动.时尚炫舞鼠标 12个月免换电池 高精度光学寻迹引擎 超细微接收器10米传输距离)^1057|439|736^B009EJN4T2^https://images-cn-4.ssl-images-amazon.com/images/I/31QPvUDNavL._SY300_QL70_.jpg^外设产品|鼠标|电脑/办公
5917^朗文????外研社????新概念英语2:实践与进步(新版)(两种封面随机发放)^832|1101|921^B001AVZHVU^https://images-cn-4.ssl-images-amazon.com/images/I/51%2BAfFkgxKL._SX258_BO1,204,203,200_QL70_.jpg^图书音像|外语|少儿/教育图书
6425^天堂伞三折自开自收超大晴雨伞 蓝色 3331E碰(一甩干)两种图案随机发放^933|659|442^B002C1AUTG^https://images-cn-4.ssl-images-amazon.com/images/I/41-QAxhZ6aL._SY300_QL70_.jpg^雨伞/阳伞/配件|生活日用|家居生活
6797^PHILIPS飞利浦HQ912/15两刀头充电式电动剃须刀^222|621|691^B002TKLK0S^https://images-cn-4.ssl-images-amazon.com/images/I/415UjOLnBML._SY300_QL70_.jpg^家用电器|个人护理电器|电动剃须刀
7446^Zippo 芝宝 打火机 可配套配件套装组合 (油133ml,火石,棉芯)^486|785|638^B003WEAQ1O^https://images-cn-4.ssl-images-amazon.com/images/I/51M4iDmm14L._SY300_QL70_.jpg^钟表/首饰/眼镜/礼品|打火机/Zippo|礼品
8006^Transcend 创见 microSDHC Class4 TF卡 32G^1057|268|902^B004OA7J1K^https://images-cn-4.ssl-images-amazon.com/images/I/51DQJ5R9I6L._SY300_QL70_.jpg^存储设备|存储卡|电脑/办公
8195^Kingston 金士顿 Class4 32G TF卡(micro SD)手机存储卡^1057|268|902^B004W5MVL0^https://images-cn-4.ssl-images-amazon.com/images/I/41zUS3RjvRL._SY300_QL70_.jpg^存储设备|存储卡|电脑/办公
10948^Elizabeth Arden伊丽莎白雅顿第五大道喷式淡香水30ml(进)^916|416|553^B0010MG6VE^https://images-cn-4.ssl-images-amazon.com/images/I/41NhpkJFQsL._SY300_QL70_.jpg^彩妆|香水|美妆个护
12019^村上春树文集:挪威的森林^832|519|1^B0011F9UUO^https://images-cn-4.ssl-images-amazon.com/images/I/41SPlULRxyL._SY344_BO1,204,203,200_QL70_.jpg^小说|文学艺术|图书音像
12510^三国演义^832|519|1^B001HL0R8Q^https://images-cn-4.ssl-images-amazon.com/images/I/510kdlR%2BN-L._SY344_BO1,204,203,200_QL70_.jpg^小说|文学艺术|图书音像
13316^Kingston 金士顿 DataTraveler 101 G2 32GB 优盘^1057|268|378^B003TJ99M4^https://images-cn-4.ssl-images-amazon.com/images/I/41nIbzEKQCL._SY300_QL70_.jpg^存储设备|U盘|电脑/办公
13329^Kingston 金士顿 8G microSDHC Class4 TF卡^1057|268|902^B003U6GP32^https://images-cn-4.ssl-images-amazon.com/images/I/319CJAtgRhL._SX300_QL70_.jpg^存储设备|存储卡|电脑/办公
13543^蔡康永的说话之道^832|519|402^B0047Y19CI^https://images-cn-4.ssl-images-amazon.com/images/I/51RCZJf9vSL._SY344_BO1,204,203,200_QL70_.jpg^青春文学|文学艺术|图书音像
14103^SanDisk 闪迪 microSDXC Class10 64GB至尊高速移动存储卡 UHS-1制式 读写速度最高可达30MB/s^1057|268|902^B007WTAJTO^https://images-cn-4.ssl-images-amazon.com/images/I/41mU1iHKkkL._SX300_QL70_.jpg^存储设备|存储卡|电脑/办公
15010^TP-LINK TL-WR842N 300M无线路由器^1057|390|815^B00BWL5KRY^https://images-cn-4.ssl-images-amazon.com/images/I/31OIQpMzbmL._SY300_QL70_.jpg^网络设备|路由器/中继器|电脑/办公
15388^TOSHIBA 东芝 32G TF(microSDHC)存储卡(Class10)30MB/s 黑色^1057|268|902^B00DGMU4VY^https://images-cn-4.ssl-images-amazon.com/images/I/413AEYrldgL._SY300_QL70_.jpg^存储设备|存储卡|电脑/办公
17453^logitech 罗技 K120键盘(黑色 罗技经典超高性价比,独具防溅水设计,持久耐用,键盘支架设计合理)^1057|439|962^B003YXYPMY^https://images-cn-4.ssl-images-amazon.com/images/I/41vphvmJHzL._SY300_QL70_.jpg^外设产品|键盘|电脑/办公
17952^tenda 腾达 W308R V2 300M无线覆盖王路由器(V1/V2版本随机发货)^1057|390|815^B004QF0UZA^https://images-cn-4.ssl-images-amazon.com/images/I/41WLD7vn4LL._SY300_QL70_.jpg^网络设备|路由器/中继器|电脑/办公
21604^Pride and Prejudice^832|476|923^184317569X^https://images-cn-4.ssl-images-amazon.com/images/I/41pbPw2udfL._SY344_BO1,204,203,200_QL70_.jpg^其它图书|图书音像|进口图书
21634^飞利浦 Philips SHP2000 头戴式耳机(入门HiFi不过百元)^1057|439|992^B0010LDOUG^https://images-cn-4.ssl-images-amazon.com/images/I/41YGWcdfFRL._SY300_QL70_.jpg^外设产品|耳机/耳麦|电脑/办公
21641^Mentholatum曼秀雷敦天然植物润唇膏(植物佛手柑)4g (特卖)(新老包装更替中,随机发货)^916|451|558^B0010MAVBU^https://images-cn-4.ssl-images-amazon.com/images/I/51CgURHFLyL._SY300_QL70_.jpg^面部护理|润唇护唇|美妆个护
21643^L'OREAL PARIS巴黎欧莱雅男士劲能醒肤露 8重功效50ml^916|502|352^B0010MBKHO^https://images-cn-4.ssl-images-amazon.com/images/I/41%2B4D64-AEL._SY300_QL70_.jpg^男士乳液/面霜|男士护肤|美妆个护
24064^Kingston 金士顿 DataTraveler 101 G2 16GB 优盘^1057|268|378^B003TJ99LU^https://images-cn-4.ssl-images-amazon.com/images/I/41UpBUTjZ2L._SY300_QL70_.jpg^存储设备|U盘|电脑/办公
24366^影响力(经典版):(风靡20年,最畅销社会心理学作品)^832|723|189^B0044KME2E^https://images-cn-4.ssl-images-amazon.com/images/I/51K9lVPu0fL._SX258_BO1,204,203,200_QL70_.jpg^社会科学|人文社科类图书|图书音像
26554^Pride and Prejudice^832|476|923^0140373373^https://images-cn-4.ssl-images-amazon.com/images/I/51GXDd69U5L._SY344_BO1,204,203,200_QL70_.jpg^其它图书|图书音像|进口图书
26744^Canon 佳能 EF 50mm f/1.8 II 镜头^1128|31|59^B0010LD9G0^https://images-cn-4.ssl-images-amazon.com/images/I/31z3mCQtPOL._SX300_QL70_.jpg^摄影摄像|镜头|手机/数码
26752^生活良品橄榄油精华美体乳400ml^916|722|767^B0010MA3Q8^https://images-cn-4.ssl-images-amazon.com/images/I/41f0KOOv%2BvL._SY300_QL70_.jpg^身体护理|身体按摩|美妆个护
27352^万历十五年(增订本)^832|723|221^B0011C02YK^https://images-cn-4.ssl-images-amazon.com/images/I/41HyXVKRweL._SY344_BO1,204,203,200_QL70_.jpg^政治/军事|人文社科类图书|图书音像
28787^E-3LUE 宜博 眼镜蛇 黑色基础版 无侧键鼠标 游戏鼠标 CF鼠标 4键 1600DPI变速^1057|439|736^B005CPGHAA^https://images-cn-4.ssl-images-amazon.com/images/I/31%2B6U1krF5L._SY300_QL70_.jpg^外设产品|鼠标|电脑/办公
29738^SanDisk 闪迪 microSDHC Class10 32GB至尊高速移动存储卡 UHS-1制式 读写速度最高可达30MB/s^1057|268|902^B007XZM6VG^https://images-cn-4.ssl-images-amazon.com/images/I/51zb5ypT2iL._SY300_QL70_.jpg^存储设备|存储卡|电脑/办公
32512^乐扣乐扣(lock&lock) 茶杯HPL934M^933|833|289^B001GNBOTG^https://images-cn-4.ssl-images-amazon.com/images/I/41KDlN3n7-L._SY300_QL70_.jpg^杯具/水壶|厨房/餐具|家居生活
33736^谁动了我的奶酪?(纪念版)(全球2600万册纪念版)^67|564|172^B003M6AJZA^https://images-cn-4.ssl-images-amazon.com/images/I/51rVxKSZegL._SY344_BO1,204,203,200_QL70_.jpg^食品/保健|奶酪/乳品/乳饮料|休闲食品
33864^PNY 必恩威 纽约双子盘 甜心桃 16GB 优盘^1057|268|378^B003STDEG2^https://images-cn-4.ssl-images-amazon.com/images/I/41Aej5QYV0L._SY300_QL70_.jpg^存储设备|U盘|电脑/办公
36768^HUAWEI 华为 Ascend P6 3G手机(阿尔卑斯白 电信定制)CDMA2000/GSM、双卡双待、纤薄机身、金属质感、800万像素、android 4.2系统、4.7英寸屏幕^1128|640|304^B00E18ZU16^https://images-cn-4.ssl-images-amazon.com/images/I/41OdVV9y7iL._SY300_QL70_.jpg^手机|手机通讯|手机/数码
39195^天堂伞三折晴雨伞 兰色 国色天香392E^933|659|442^B001TK34P8^https://images-cn-4.ssl-images-amazon.com/images/I/41TFl0syNOL._SX300_QL70_.jpg^雨伞/阳伞/配件|生活日用|家居生活
40890^Fuhlen 富勒 M8眩光舞者时尚节能无线鼠标(雅黑)(眩光.悦动.时尚炫舞鼠标 12个月免换电池 高精度光学寻迹引擎 超细微接收器10米传输距离)^1057|439|736^B009EJMVX2^https://images-cn-4.ssl-images-amazon.com/images/I/31iOos6K-8L._SY300_QL70_.jpg^外设产品|鼠标|电脑/办公
42768^古汉语常用字字典(缩印本)^832|476|739^B00116K2W8^https://images-cn-4.ssl-images-amazon.com/images/I/513LXSy0IlL._SY344_BO1,204,203,200_QL70_.jpg^其它图书|工具书|图书音像
43564^草房子^832|1101|1086^B003GISSTI^https://images-cn-4.ssl-images-amazon.com/images/I/51TSxpkOgeL._SY344_BO1,204,203,200_QL70_.jpg^图书音像|少儿|少儿/教育图书
43712^PNY 必恩威 纽约双子盘 甜心桃 8GB 优盘^1057|268|378^B003STDEFS^https://images-cn-4.ssl-images-amazon.com/images/I/41AOeS3tHHL._SY300_QL70_.jpg^存储设备|U盘|电脑/办公
44692^ECOLA 宜客莱 CD-EL130 多功能电脑清洁套装(清洁液+清洁刷+清洁布 三件套 快速去污渍 适合各种数码产品清洁)^1057|439|1085^B0058FCJAQ^https://images-cn-4.ssl-images-amazon.com/images/I/51aFtxPAAKL._SY300_QL70_.jpg^外设产品|电脑/办公|电脑/数码清洁
45197^草房子^832|1101|1086^B005WOAKW2^https://images-cn-4.ssl-images-amazon.com/images/I/51Yb6ENRaHL._SY344_BO1,204,203,200_QL70_.jpg^图书音像|少儿|少儿/教育图书
46607^TP-LINK TL-WR847N 300M无线路由器^1057|390|815^B0093FAU7Q^https://images-cn-4.ssl-images-amazon.com/images/I/41PMBC60wfL._SY300_QL70_.jpg^网络设备|路由器/中继器|电脑/办公
46771^Lenovo 联想 A798T 3G手机 TD-SCDMA/GSM (深邃黑)移动定制^1128|640|304^B009ZP2S60^https://images-cn-4.ssl-images-amazon.com/images/I/51Ewzgvno4L._SY300_QL70_.jpg^手机|手机通讯|手机/数码
47095^HTC T329d CDMA2000/GSM 3G手机(黑色 电信定制) 双模双待双通,4.0英寸显示屏,双核1G^1128|640|304^B00AZG2II6^https://images-cn-4.ssl-images-amazon.com/images/I/41sIACmvyZL._SY300_QL70_.jpg^手机|手机通讯|手机/数码
48907^洗颜专科柔澈泡沫卸妆乳液150ml(进)^916|451|406^B001CC1VVC^https://images-cn-4.ssl-images-amazon.com/images/I/41CztXe4GrL._SY300_QL70_.jpg^洁面|面部护理|美妆个护
49616^红楼梦^832|519|1^B002CU9V7Y^https://images-cn-4.ssl-images-amazon.com/images/I/41VMhY7SgNL._SY344_BO1,204,203,200_QL70_.jpg^小说|文学艺术|图书音像
49999^有些事现在不做,一辈子都不会做了^832|665|994^B0032UWZ1W^https://images-cn-4.ssl-images-amazon.com/images/I/514icA1W%2BzL._SX258_BO1,204,203,200_QL70_.jpg^生活类图书|图书音像|两性关系
53093^FLYCO飞科剃须刀FS820(电动充电 旋转式双刀头 电源线式充电 8小时充电 轻触式开关 豪华礼筒 双环极速刀网)^222|621|691^B0010L7X3A^https://images-cn-4.ssl-images-amazon.com/images/I/41yawUf8aFL._SY300_QL70_.jpg^家用电器|个人护理电器|电动剃须刀
56584^华胥引(套装共2册)(附赠唯美手绘高清拉页)^832|519|402^B008OOZD5G^https://images-cn-4.ssl-images-amazon.com/images/I/41GM3inVR9L._SY344_BO1,204,203,200_QL70_.jpg^青春文学|文学艺术|图书音像
56918^哈佛凌晨四点半:哈佛大学送给青少年的最好礼物^832|665|45^B009NBV20O^https://images-cn-4.ssl-images-amazon.com/images/I/51eMrt3CHGL._SY344_BO1,204,203,200_QL70_.jpg^亲子/家教|生活类图书|图书音像
57272^因为痛,所以叫青春:写给独自站在人生路口的你(精装版)^832|519|402^B00AQT8SPE^https://images-cn-4.ssl-images-amazon.com/images/I/51gKCDBk5WL._SY344_BO1,204,203,200_QL70_.jpg^青春文学|文学艺术|图书音像
58775^Edifier漫步者 R101V 2.1多媒体音箱(黑色 入门首选,超高人气销量)^1057|439|1064^B001CZNPTK^https://images-cn-4.ssl-images-amazon.com/images/I/417EN5XI%2BEL._SY300_QL70_.jpg^外设产品|电脑/办公|电脑音箱
59199^红楼梦^832|519|1^B002AO8LRS^https://images-cn-4.ssl-images-amazon.com/images/I/41ONMhTf0LL._SY344_BO1,204,203,200_QL70_.jpg^小说|文学艺术|图书音像
59605^PHILIPS飞利浦HQ902/15两刀头干电式电动剃须刀^222|621|691^B002TKLJZ4^https://images-cn-4.ssl-images-amazon.com/images/I/31fnQZOoebL._SX300_QL70_.jpg^家用电器|个人护理电器|电动剃须刀
60159^PNY 必恩威 巴黎双子盘 浪漫紫罗 8GB 优盘^1057|268|378^B003STDED0^https://images-cn-4.ssl-images-amazon.com/images/I/41oBZ4SKuZL._SY300_QL70_.jpg^存储设备|U盘|电脑/办公
62138^WD 西部数据 My Passport 2.5' USB3.0 2TB移动硬盘(黑色 WDBY8L0020BBK-PESN-CH)^1057|268|814^B007S9KS26^https://images-cn-4.ssl-images-amazon.com/images/I/41zV8SlYd2L._SY300_QL70_.jpg^存储设备|移动硬盘|电脑/办公
63040^三国演义^832|519|1^B00EDIPBZO^https://images-cn-4.ssl-images-amazon.com/images/G/28/kindle/merch/global/kindle-widget-photo._CB366222128_.jpg^小说|文学艺术|图书音像
64750^沉思录^832|723|396^B0012M6VOY^https://images-cn-4.ssl-images-amazon.com/images/I/31fnaNwdqfL._SY344_BO1,204,203,200_QL70_.jpg^哲学/宗教|人文社科类图书|图书音像
66003^诺基亚N1280(NOKIA N1280)简约超长待机直板手机(黑色)^1128|640|304^B003V8AK58^https://images-cn-4.ssl-images-amazon.com/images/I/41gmpH48SIL._SY300_QL70_.jpg^手机|手机通讯|手机/数码
67692^阿狸?梦之城堡^832|519|164^B00CHFE7RI^https://images-cn-4.ssl-images-amazon.com/images/I/51I3gayJ5eL._SX258_BO1,204,203,200_QL70_.jpg^动漫/幽默|文学艺术|图书音像
68980^红楼梦(套装上下册)(人民文学版新版)^832|519|1^B0011BQ240^https://images-cn-4.ssl-images-amazon.com/images/I/51c-nZ7NX7L._SX258_BO1,204,203,200_QL70_.jpg^小说|文学艺术|图书音像
70941^素年锦时^832|519|402^B005HGR9YM^https://images-cn-4.ssl-images-amazon.com/images/I/419Fgz5u9VL._SY344_BO1,204,203,200_QL70_.jpg^青春文学|文学艺术|图书音像
71354^PHILIPS飞利浦PQ202/16两刀头干电式电动剃须刀(黑色)^222|621|691^B0069JJIHM^https://images-cn-4.ssl-images-amazon.com/images/I/41QzIoY5jqL._SY300_QL70_.jpg^家用电器|个人护理电器|电动剃须刀
71712^我就是想停下来,看看这个世界(单身女孩,休学旅行)^832|1101|1086^B007A9VZB2^https://images-cn-4.ssl-images-amazon.com/images/I/51HPGNBTOML._SX258_BO1,204,203,200_QL70_.jpg^图书音像|少儿|少儿/教育图书
75389^岛^832|723|221^B0026ZP5TI^https://images-cn-4.ssl-images-amazon.com/images/I/41GCK9R93nL._SY344_BO1,204,203,200_QL70_.jpg^政治/军事|人文社科类图书|图书音像
75596^三国演义^832|519|1^B002GLW87O^https://images-cn-4.ssl-images-amazon.com/images/I/51Z-hrpBvJL._SY344_BO1,204,203,200_QL70_.jpg^小说|文学艺术|图书音像
75636^FLYCO飞科剃须刀FS829(电动充电 旋转式双刀头 双环贴面刀网 磨砂外观 轻触式开关)^222|621|691^B002JPKC48^https://images-cn-4.ssl-images-amazon.com/images/I/41r5SQfN-2L._SY300_QL70_.jpg^家用电器|个人护理电器|电动剃须刀
75701^世界因你不同:李开复自传^832|151|305^B002NX0H3C^https://images-cn-4.ssl-images-amazon.com/images/I/41yOWkivkKL._SX258_BO1,204,203,200_QL70_.jpg^经管类图书|成功/励志|图书音像
77623^译文名著文库056:一九八四^832|519|1^B00863C8L2^https://images-cn-4.ssl-images-amazon.com/images/I/41Un1aNpddL._SY344_BO1,204,203,200_QL70_.jpg^小说|文学艺术|图书音像
78093^博集诗意生活系列:你是人间的四月天^832|519|599^B00CJRXTPU^https://images-cn-4.ssl-images-amazon.com/images/I/61rZVTqyqQL._SY344_BO1,204,203,200_QL70_.jpg^文学艺术|文学类|图书音像
79624^一个人的好天气^832|519|1^B0011C4Z9I^https://images-cn-4.ssl-images-amazon.com/images/I/4162L6M0w1L._SY344_BO1,204,203,200_QL70_.jpg^小说|文学艺术|图书音像
80657^TP-LINK TL-WR841N 300M无线路由器 新老版本随机发货^1057|390|815^B004HFQLWK^https://images-cn-4.ssl-images-amazon.com/images/I/41Oazs-corL._SY300_QL70_.jpg^网络设备|路由器/中继器|电脑/办公
80981^我的不完美^832|1101|1086^B005EPMITM^https://images-cn-4.ssl-images-amazon.com/images/I/418fWfXyPiL._SY344_BO1,204,203,200_QL70_.jpg^图书音像|少儿|少儿/教育图书
85873^世界因你不同:李开复自传(附李开复演讲视频DVD1张)^832|151|305^B003JTI0YW^https://images-cn-4.ssl-images-amazon.com/images/I/41N9CpllP%2BL._SY344_BO1,204,203,200_QL70_.jpg^经管类图书|成功/励志|图书音像
87086^你是那人间的四月天(附赠林徽因精美诗集《谁爱这不息的变幻》)^832|519|599^B0053WTG9G^https://images-cn-4.ssl-images-amazon.com/images/I/51lRvB5boYL._SY344_BO1,204,203,200_QL70_.jpg^文学艺术|文学类|图书音像
87217^不能承受的生命之轻^832|519|1^B0058SXRP4^https://images-cn-4.ssl-images-amazon.com/images/I/51RwvOdXXfL._SY344_BO1,204,203,200_QL70_.jpg^小说|文学艺术|图书音像
89326^Pride and Prejudice^832|476|923^0141024038^https://images-cn-4.ssl-images-amazon.com/images/I/41ykKmJkT9L._SY344_BO1,204,203,200_QL70_.jpg^其它图书|图书音像|进口图书
89515^Steve Jobs (Audiobook, Unabridged)^832|476|923^1442346272^https://via.placeholder.com/350x150^其它图书|图书音像|进口图书
90564^挪威的森林^832|723|221^B0011F7CXQ^https://images-cn-4.ssl-images-amazon.com/images/I/41QgGeshKaL._SY344_BO1,204,203,200_QL70_.jpg^政治/军事|人文社科类图书|图书音像
90605^朗文?外研社?新概念英语3(学生用书)(盒装CD版)(附光盘3张)^832|1101|921^B0011FA7RY^https://images-cn-4.ssl-images-amazon.com/images/I/51E8rM17Y9L._SX258_BO1,204,203,200_QL70_.jpg^图书音像|外语|少儿/教育图书
90897^Elizabeth Arden伊丽莎白雅顿绿茶香水30ml(进)^916|416|553^B0018LW0TE^https://images-cn-4.ssl-images-amazon.com/images/I/41tHdnLVN1L._SY300_QL70_.jpg^彩妆|香水|美妆个护
91169^ThinkPad 原装USB光电鼠标 31P7410^1057|439|736^B001IKK4K2^https://images-cn-4.ssl-images-amazon.com/images/I/41tAiOXeQVL._SY300_QL70_.jpg^外设产品|鼠标|电脑/办公
96172^Rocher费列罗T5榛果威化巧克力62.5g (进口)^67|550|230^B004FPI9SQ^https://images-cn-4.ssl-images-amazon.com/images/I/41vWv8aTdWL._SX300_QL70_.jpg^食品/保健|进口巧克力|进口食品
97073^红楼梦^832|519|599^B005GNHD1A^https://images-cn-4.ssl-images-amazon.com/images/I/61QL38NJqgL._SY344_BO1,204,203,200_QL70_.jpg^文学艺术|文学类|图书音像
98166^阿狸????永远站^832|519|164^B007X93KIA^https://images-cn-4.ssl-images-amazon.com/images/I/51cIAoNQ%2BUL._SY344_BO1,204,203,200_QL70_.jpg^动漫/幽默|文学艺术|图书音像
100335^新东方?GRE词汇精选(附mp3光盘1张)^832|1101|1116^B001173922^https://images-cn-4.ssl-images-amazon.com/images/I/41HlgHEVacL._SY344_BO1,204,203,200_QL70_.jpg^图书音像|少儿/教育图书|考试
101056^L'OREAL PARIS巴黎欧莱雅男士劲能深层净化洁面膏100ml^916|502|1025^B001D7LPPI^https://images-cn-4.ssl-images-amazon.com/images/I/41yWkvX0OFL._SY300_QL70_.jpg^男士护肤|美妆个护|男士洁面
102383^30年后,你拿什么养活自己?^832|151|934^B003F25VPY^https://images-cn-4.ssl-images-amazon.com/images/I/51FlI%2BU0TjL._SY344_BO1,204,203,200_QL70_.jpg^经管类图书|图书音像|投资理财
102515^Kingston 金士顿 KVR1333 4G 笔记本内存(DDR3 1333 4G)^1057|24|851^B003N64ODW^https://images-cn-4.ssl-images-amazon.com/images/I/51sf3qanVOL._SY300_QL70_.jpg^笔记本/平板配件|笔记本配件|电脑/办公
102886^背包十年:我的职业是旅行(历经十年,如何从菜鸟背包客成为职业旅行家)^832|665|121^B0043M5BKU^https://images-cn-4.ssl-images-amazon.com/images/I/51QKIg6DjCL._SY344_BO1,204,203,200_QL70_.jpg^旅游/地图|生活类图书|图书音像
104168^谢谢你离开我^832|1101|1086^B00BSJVKTW^https://images-cn-4.ssl-images-amazon.com/images/I/41Y3d7LHs8L._SX258_BO1,204,203,200_QL70_.jpg^图书音像|少儿|少儿/教育图书
104398^HUAWEI 华为 Ascend P6 3G手机(俊逸黑)TD-SCDMA/GSM、纤薄机身、金属质感、800万像素、android 4.2系统、4.7英寸屏幕 移动定制^1128|640|304^B00DQLEPLK^https://images-cn-4.ssl-images-amazon.com/images/I/41pVvpTw%2ByL._SY300_QL70_.jpg^手机|手机通讯|手机/数码
104694^SanDisk 闪迪 microSDHC Class10 32GB 至尊极速移动存储卡 UHS-1制式 读取速度最高可达45MB/s(中英文随机发货)^1057|268|902^B00FQOXI3G^https://images-cn-4.ssl-images-amazon.com/images/I/41MY3FVBFbL._SX300_QL70_.jpg^存储设备|存储卡|电脑/办公
104944^柏图 适配Kindle Paperwhite保护套(适用于1代和2代) KPW保护皮套 电子书套 纤薄疯马纹保护壳 咖啡色 特制材料可休眠 内含高清贴膜套装 咖啡色^1128|823|490^B00IM3Z4CG^https://images-cn-4.ssl-images-amazon.com/images/I/418o6Si1X1L._SY300_QL70_.jpg^电纸书配件|数码配件|手机/数码
106819^高等数学(第6版)(上册)^832|1101|1116^B004CLZJHM^https://images-cn-4.ssl-images-amazon.com/images/I/41UUPNqqSqL._SY344_BO1,204,203,200_QL70_.jpg^图书音像|少儿/教育图书|考试
107660^不负如来不负卿:六世达赖仓央嘉措的诗与情^832|519|599^B006RPCZ6Y^https://images-cn-4.ssl-images-amazon.com/images/I/41rZYxnKVeL._SY344_BO1,204,203,200_QL70_.jpg^文学艺术|文学类|图书音像
108671^MERCURY 水星网络 MW310R 300M无线宽带路由器^1057|390|815^B008PKCTN8^https://images-cn-4.ssl-images-amazon.com/images/I/31w0xCSK7SL._SY300_QL70_.jpg^网络设备|路由器/中继器|电脑/办公
109236^因为痛,所以叫青春:写给独自站在人生路口的你^832|519|402^B00AE3BSSQ^https://images-cn-4.ssl-images-amazon.com/images/I/51cQTMsG1%2BL._SY445_QL70_.jpg^青春文学|文学艺术|图书音像
109473^SAMSUNG三星 S7568 3G智能手机(白色)TD-SCDMA/GSM移动定制 Android 4.0 4英寸大屏 1G超快处理器^1128|640|304^B00AZR7NSA^https://images-cn-4.ssl-images-amazon.com/images/I/41eIAC1wg6L._SY300_QL70_.jpg^手机|手机通讯|手机/数码
109582^SAMSUNG 三星 S7572 双卡3G智能手机(白色) Android 4.1系统 4.0英寸大屏 1.2GHz双核处理器^1128|640|304^B00BBRJMY6^https://images-cn-4.ssl-images-amazon.com/images/I/41bhOmyEN4L._SY300_QL70_.jpg^手机|手机通讯|手机/数码
110946^世界上最伟大的推销员^832|151|305^B001DSRCUO^https://images-cn-4.ssl-images-amazon.com/images/I/518r4t7Ux9L._SY344_BO1,204,203,200_QL70_.jpg^经管类图书|成功/励志|图书音像
114037^SanDisk 闪迪 手机存储卡microSDHC Class4 4GB TF卡^1057|268|902^B0062WDT7G^https://images-cn-4.ssl-images-amazon.com/images/I/41MY3FVBFbL._SX300_QL70_.jpg^存储设备|存储卡|电脑/办公
114046^Apple iPhone 4(8G) 3G智能手机(白色)^1128|640|304^B0063CD1GO^https://images-cn-4.ssl-images-amazon.com/images/I/51wUqlM9F4L._SY300_QL70_.jpg^手机|手机通讯|手机/数码
114733^别相信任何人^832|519|1^B008H053LQ^https://images-cn-4.ssl-images-amazon.com/images/I/51fLI6bEDHL._SY445_QL70_.jpg^小说|文学艺术|图书音像
116405^世界上最伟大的推销员(附盘)^832|1101|1086^B0011APV4I^https://images-cn-4.ssl-images-amazon.com/images/I/51hEnkl-XtL._SY344_BO1,204,203,200_QL70_.jpg^图书音像|少儿|少儿/教育图书
119166^TP-LINK TL-WN725N 微型150M无线USB网卡^1057|390|956^B00815793M^https://images-cn-4.ssl-images-amazon.com/images/I/51D5llrlF7L._SY300_QL70_.jpg^网络设备|网卡|电脑/办公
121304^红楼梦^832|519|1^B00114A30G^https://images-cn-4.ssl-images-amazon.com/images/I/51kxv9n17TL._SY344_BO1,204,203,200_QL70_.jpg^小说|文学艺术|图书音像
121795^三国演义^832|519|1^B001SDXJLU^https://images-cn-4.ssl-images-amazon.com/images/I/51Rm8099L2L._SY344_BO1,204,203,200_QL70_.jpg^小说|文学艺术|图书音像
122144^九阳电压力锅JYY-50YL1(5升电脑版、10小时预约、九大菜单、保温功能)^222|964|310^B003CJSVQQ^https://images-cn-4.ssl-images-amazon.com/images/I/51uQmXvrj%2BL._SY300_QL70_.jpg^家用电器|电压力锅|厨房电器
122330^PNY 必恩威 纽约双子盘 甜心桃 32GB 优盘^1057|268|378^B003STDEGC^https://images-cn-4.ssl-images-amazon.com/images/I/41gT9VZpR4L._SY300_QL70_.jpg^存储设备|U盘|电脑/办公
122417^不能承受的生命之轻^832|723|396^B003YYSFRY^https://images-cn-4.ssl-images-amazon.com/images/I/41MDQrsiY%2BL._SY344_BO1,204,203,200_QL70_.jpg^哲学/宗教|人文社科类图书|图书音像
124051^Rocher费列罗T96婚礼装巧克力1200g (进口)^67|550|230^B006LF1U2K^https://images-cn-4.ssl-images-amazon.com/images/I/515NV2EovbL._SY300_QL70_.jpg^食品/保健|进口巧克力|进口食品
126767^飞利浦台灯Metallic Silver 流光银FDS500^571|326|327^B0010LCZCE^https://images-cn-4.ssl-images-amazon.com/images/I/31R6IorDsyL._SY300_QL70_.jpg^灯具|台灯|家具/家装/建材
127314^朗文????外研社????新概念英语2(学生用书)(盒装CD版)(附光盘3张)^832|1101|921^B0012KDJCI^https://images-cn-4.ssl-images-amazon.com/images/I/51ukhSk%2Bh5L._SX258_BO1,204,203,200_QL70_.jpg^图书音像|外语|少儿/教育图书
127544^可悠然美肌沐浴露550ml(恬静清香 )(进)^916|722|171^B001CBWAR2^https://images-cn-4.ssl-images-amazon.com/images/I/41VlhEnW8hL._SY300_QL70_.jpg^沐浴露|身体护理|美妆个护
129185^Kingston 金士顿 4G SDHC Class4 SD卡^57|881|303^B003U6GP0A^https://images-cn-4.ssl-images-amazon.com/images/I/51MLMeXwa6L._SY300_QL70_.jpg^其他|电玩专用配件|电玩/配件/游戏/攻略
130857^Tenda 腾达N4 150M无线路由器(20个一箱,整箱出货)^1057|390|815^B00COGBIYA^https://images-cn-4.ssl-images-amazon.com/images/I/31jsEVSN%2BNL._SY300_QL70_.jpg^网络设备|路由器/中继器|电脑/办公
132358^别笑!我是英文单词书^832|1101|1086^B0011C1VQ8^https://images-cn-4.ssl-images-amazon.com/images/I/61Cg-lChYaL._SX258_BO1,204,203,200_QL70_.jpg^图书音像|少儿|少儿/教育图书
132542^别笑我是英文单词书(彩色图文本)^832|1101|921^B0011CU24K^https://images-cn-4.ssl-images-amazon.com/images/I/61CSBScdCHL._SX258_BO1,204,203,200_QL70_.jpg^图书音像|外语|少儿/教育图书
134881^WD 西部数据 My Passport 2.5' USB3.0 1TB移动硬盘(银色 WDBBEP0010BSL-PESN-CH )^1057|268|814^B008ATN9HE^https://images-cn-4.ssl-images-amazon.com/images/I/313S%2BhgvClL._SY300_QL70_.jpg^存储设备|移动硬盘|电脑/办公
135346^Tenda 腾达 N300 v2 300M无线路由器 白色(产品切换,V1、V2版本随机发货)^1057|390|815^B0091QFSLU^https://images-cn-4.ssl-images-amazon.com/images/I/31TEJetNgML._SY300_QL70_.jpg^网络设备|路由器/中继器|电脑/办公
135874^我所理解的生活^832|1101|1086^B00AQT2CQK^https://images-cn-4.ssl-images-amazon.com/images/I/51NZAVTq-EL._SY344_BO1,204,203,200_QL70_.jpg^图书音像|少儿|少儿/教育图书
137197^Pride and Prejudice^832|476|923^0679405429^https://images-cn-4.ssl-images-amazon.com/images/I/51HF2dc7zEL._SY344_BO1,204,203,200_QL70_.jpg^其它图书|图书音像|进口图书
138366^AKG K420 便携折叠式头戴耳机 小耳罩设计 音场丰厚开阔 强劲低音 尽情享“乐” 附收纳袋^1057|439|992^B002XDQUN8^https://images-cn-4.ssl-images-amazon.com/images/I/418M5pSJW4L._SY300_QL70_.jpg^外设产品|耳机/耳麦|电脑/办公
138554^这些都是你给我的爱^832|1101|1086^B003BNZV2K^https://images-cn-4.ssl-images-amazon.com/images/I/41yPN7iuAoL._SY344_BO1,204,203,200_QL70_.jpg^图书音像|少儿|少儿/教育图书
139060^Neutrogena露得清深层净化洗面乳二支特惠装100g*2(特卖)(新老包装更替中,随机发货)^916|451|406^B003XCMF4Q^https://images-cn-4.ssl-images-amazon.com/images/I/41QbMo3uK%2BL._SY300_QL70_.jpg^洁面|面部护理|美妆个护
140259^Canon 佳能 EOS 600D 数码单反Wzoom KIT套机(EFs 18-55mm/f3.5-5.6IS II镜头+EF-S55-250 IS 镜头^1128|31|591^B005GS39JK^https://images-cn-4.ssl-images-amazon.com/images/I/515h9H70YBL._SX300_QL70_.jpg^摄影摄像|数码单反相机|手机/数码
140482^三国演义^832|519|1^B005VNC2H0^https://images-cn-4.ssl-images-amazon.com/images/I/51RRRCRh0VL._SY344_BO1,204,203,200_QL70_.jpg^小说|文学艺术|图书音像
140613^TOSHIBA 东芝 黑甲虫系列 2.5寸 750GB USB3.0 移动硬盘(黑色)^1057|268|814^B0067H7TEU^https://images-cn-4.ssl-images-amazon.com/images/I/31oikEzq2QL._SY300_QL70_.jpg^存储设备|移动硬盘|电脑/办公
141069^WD 西部数据 My Passport 2.5' USB3.0 1TB移动硬盘( 红色 WDBBEP0010BRD-PESN-CH)^1057|268|814^B0084A1G6K^https://images-cn-4.ssl-images-amazon.com/images/I/31hCe73BfXL._SY300_QL70_.jpg^存储设备|移动硬盘|电脑/办公
143509^苏菲的世界^916|314|383^B0011F5QPC^https://images-cn-4.ssl-images-amazon.com/images/I/51hxg%2BLOxhL._SY344_BO1,204,203,200_QL70_.jpg^女性护理|卫生巾|美妆个护
145218^好妈妈胜过好老师^832|665|45^B0055X675Y^https://images-cn-4.ssl-images-amazon.com/images/I/41DBneaGRwL._SY344_BO1,204,203,200_QL70_.jpg^亲子/家教|生活类图书|图书音像
145678^SanDisk闪迪UltraSDHCClass10200X8G至尊高速SDHC存储卡深灰色^1057|268|902^B008ASGORM^https://images-cn-4.ssl-images-amazon.com/images/I/51W%2BoSkncRL._SY300_QL70_.jpg^存储设备|存储卡|电脑/办公
147435^茅盾文学奖获奖作品全集:白鹿原^832|519|1^B00G3SNTD8^https://images-cn-4.ssl-images-amazon.com/images/I/51jPk6eho7L._SY344_BO1,204,203,200_QL70_.jpg^小说|文学艺术|图书音像
148103^哈利????波特与死亡圣器(火热发货!)^832|1101|1086^B0011C69X8^https://images-cn-4.ssl-images-amazon.com/images/I/51ypMiow3vL._SY344_BO1,204,203,200_QL70_.jpg^图书音像|少儿|少儿/教育图书
148878^PNY 必恩威 巴黎双子盘 浪漫紫罗 16GB 优盘^1057|268|378^B003STDEDA^https://images-cn-4.ssl-images-amazon.com/images/I/41iUCMBTCUL._SX300_QL70_.jpg^存储设备|U盘|电脑/办公
151104^L'OREAL PARIS巴黎欧莱雅男士控油炭爽抗黑头洁面膏100ml^916|502|1025^B007XQW40I^https://images-cn-4.ssl-images-amazon.com/images/I/41FRfb4QJwL._SY300_QL70_.jpg^男士护肤|美妆个护|男士洁面
154318^Cetaphil丝塔芙洗面奶200ml(特卖)^916|451|406^B001LRQS3E^https://images-cn-4.ssl-images-amazon.com/images/I/41alSseXdXL._SY300_QL70_.jpg^洁面|面部护理|美妆个护
155001^PHILIPS飞利浦HP8203/00均衡呵护系列负离子功能电吹风^222|621|521^B002TKLK58^https://images-cn-4.ssl-images-amazon.com/images/I/41vXzDEzLjL._SY300_QL70_.jpg^家用电器|电吹风|个人护理电器
156103^气场修习术^832|151|305^B004IYJ320^https://images-cn-4.ssl-images-amazon.com/images/I/51tk-seyYsL._SY344_BO1,204,203,200_QL70_.jpg^经管类图书|成功/励志|图书音像
159184^三国演义(上下)^832|519|1^B001265ZGU^https://images-cn-4.ssl-images-amazon.com/images/I/41VvV2a7xrL._SY344_BO1,204,203,200_QL70_.jpg^小说|文学艺术|图书音像
159512^万历十五年^832|723|86^B001MJ054Y^https://images-cn-4.ssl-images-amazon.com/images/I/51PBhzZOaTL._SY344_BO1,204,203,200_QL70_.jpg^历史|人文社科类图书|图书音像
160597^白鹿原^832|519|1^B006PB4MBQ^https://images-cn-4.ssl-images-amazon.com/images/I/41BXjDoU9HL._SY344_BO1,204,203,200_QL70_.jpg^小说|文学艺术|图书音像
161660^你是那人间的四月天(典藏本)^832|519|599^B008RS4PRQ^https://images-cn-4.ssl-images-amazon.com/images/I/512aDlypWXL._SY344_BO1,204,203,200_QL70_.jpg^文学艺术|文学类|图书音像
163691^Steve Jobs:The Exclusive Biography (史蒂夫????乔布斯传)(英国版)(CD)^832|476|923^1405510102^https://images-cn-4.ssl-images-amazon.com/images/I/414joIjd1kL._SY344_BO1,204,203,200_QL70_.jpg^其它图书|图书音像|进口图书
163997^乐扣乐扣(lock&lock)普通型水杯HPL931M(470ml)^933|833|289^B001GNBOUA^https://images-cn-4.ssl-images-amazon.com/images/I/41DviwcNH0L._SY300_QL70_.jpg^杯具/水壶|厨房/餐具|家居生活
164976^三国演义^832|519|1^B0039XQXWO^https://images-cn-4.ssl-images-amazon.com/images/I/41a4gtIRbDL._SY344_BO1,204,203,200_QL70_.jpg^小说|文学艺术|图书音像
165801^Edifier漫步者 R201T北美版 2.1声道音箱(黑色 实惠影音播放全能王)^1057|439|1064^B004D9G8DW^https://images-cn-4.ssl-images-amazon.com/images/I/41RmQAnG-DL._SX300_QL70_.jpg^外设产品|电脑/办公|电脑音箱
167781^Motorola 摩托罗拉 XT788 3G手机(黑色 电信定制)CDMA2000/GSM 双模双待 1.2GHz双核 Android 4.0系统 4.3寸康宁防刮玻璃屏 800M背照式摄像头 9.9mm超薄机身^1128|640|304^B00A327OPE^https://images-cn-4.ssl-images-amazon.com/images/I/51Cs2hDkupL._SY300_QL70_.jpg^手机|手机通讯|手机/数码
168837^围城(附光盘1片)^832|1101|921^7802003903^https://images-cn-4.ssl-images-amazon.com/images/I/41vx3GlGL0L._SY344_BO1,204,203,200_QL70_.jpg^图书音像|外语|少儿/教育图书
168854^Edifier漫步者 R201TIII 2.1声道音箱(黑色 简约经典 销量逾百万)^1057|439|1064^B0010LDZ0K^https://images-cn-4.ssl-images-amazon.com/images/I/3131Fm%2BHcmL._SY300_QL70_.jpg^外设产品|电脑/办公|电脑音箱
172149^情人????乌发碧眼^832|519|1^B008EHQPWS^https://images-cn-4.ssl-images-amazon.com/images/I/51n-6eOhsOL._SY344_BO1,204,203,200_QL70_.jpg^小说|文学艺术|图书音像
172401^SanDisk 闪迪 Extreme Pro microSDHC Class10 16GB至尊超极速移动存储卡 UHS-1制式 写最高90MB/s,读最高95MB/s 支持3D视频拍摄(红黑、红金两种颜色随机配送)^1057|268|902^B009DUHU2Y^https://images-cn-4.ssl-images-amazon.com/images/I/41bPIm5YT6L._SY300_QL70_.jpg^存储设备|存储卡|电脑/办公
172408^Fuhlen 富勒 M8眩光舞者时尚节能无线鼠标(湖蓝)(眩光.悦动.时尚炫舞鼠标 12个月免换电池 高精度光学寻迹引擎 超细微接收器10米传输距离)^1057|439|736^B009EJN1ZO^https://images-cn-4.ssl-images-amazon.com/images/I/31idD0yM2%2BL._SY300_QL70_.jpg^外设产品|鼠标|电脑/办公
173307^肖秀荣2014考研政治命题人1000题(2014版)^832|1101|1116^B00D7YWNTM^https://images-cn-4.ssl-images-amazon.com/images/I/51FNwlBE4cL._SY344_BO1,204,203,200_QL70_.jpg^图书音像|少儿/教育图书|考试
173892^名家推荐世界名著:红楼梦(畅销升级版)^832|723|1052^B00HH4X70W^https://images-cn-4.ssl-images-amazon.com/images/I/51mS5XnmKoL._SY344_BO1,204,203,200_QL70_.jpg^人文社科类图书|图书音像|古籍
174187^三国演义(精装)^832|519|1^B001146W7E^https://images-cn-4.ssl-images-amazon.com/images/I/51BUp%2BlKmLL._SY344_BO1,204,203,200_QL70_.jpg^小说|文学艺术|图书音像
174814^民主的细节^832|723|221^B002EGJGGM^https://images-cn-4.ssl-images-amazon.com/images/I/51bsREUcYTL._SY344_BO1,204,203,200_QL70_.jpg^政治/军事|人文社科类图书|图书音像
175169^Rocher费列罗T8榛果威化巧克力100g (进口)^67|550|230^B003NNVIDE^https://images-cn-4.ssl-images-amazon.com/images/I/51zvYhFccAL._SY300_QL70_.jpg^食品/保健|进口巧克力|进口食品
177637^倾城之恋^832|519|402^B0084XA1JA^https://images-cn-4.ssl-images-amazon.com/images/I/51RVOSdpJOL._SY344_BO1,204,203,200_QL70_.jpg^青春文学|文学艺术|图书音像
179855^三国演义(套装上下册)^832|519|1^B0011BYAOY^https://images-cn-4.ssl-images-amazon.com/images/I/41fcp2vczdL._SY344_BO1,204,203,200_QL70_.jpg^小说|文学艺术|图书音像
182564^阿狸????永远站^832|519|164^B004X9K0B8^https://images-cn-4.ssl-images-amazon.com/images/I/51FWwz3aDHL._SY344_BO1,204,203,200_QL70_.jpg^动漫/幽默|文学艺术|图书音像
183418^谁的青春不迷茫^832|1101|1086^B00A67K0A2^https://images-cn-4.ssl-images-amazon.com/images/I/41TEclaV%2BfL._SY344_BO1,204,203,200_QL70_.jpg^图书音像|少儿|少儿/教育图书
183679^全新Kindle Paperwhite电子书阅读器^1128|348|1119^B00CWPIDHI^https://images-cn-4.ssl-images-amazon.com/images/I/41xDoQ9vvTL._SY300_QL70_.jpg^数码影音|电纸书/电子阅览器|手机/数码
184282^追风筝的人^832|519|1^B00HJFE7F8^https://images-cn-4.ssl-images-amazon.com/images/I/41Zu6wuZ4VL._SY344_BO1,204,203,200_QL70_.jpg^小说|文学艺术|图书音像
184371^【周年庆】柏图 适配Kindle Paperwhite保护套(适用于1代和2代) KPW保护皮套 电子书套 Kindle商务款保护壳深蓝 可携带电容笔 内含高清贴膜套装 精选商务款深蓝^1128|823|490^B00K0Z6I1U^https://images-cn-4.ssl-images-amazon.com/images/I/61xCLKJrlaL._SY300_QL70_.jpg^电纸书配件|数码配件|手机/数码
184410^Pride and Prejudice^832|476|923^0141439513^https://images-cn-4.ssl-images-amazon.com/images/I/41k29Fict8L._SY344_BO1,204,203,200_QL70_.jpg^其它图书|图书音像|进口图书
184565^FLYCO飞科剃须刀FS812(电动充电 旋转式双刀头 全网爆款 双环贴面刀网 磨砂外观 轻触式开关)^222|621|691^B0010L7X0S^https://images-cn-4.ssl-images-amazon.com/images/I/51DTMk2lE0L._SY300_QL70_.jpg^家用电器|个人护理电器|电动剃须刀
186035^我的奋斗(附DVD光盘1张)^832|1101|1116^B003F2593I^https://images-cn-4.ssl-images-amazon.com/images/I/4117qmvYeLL._SY344_BO1,204,203,200_QL70_.jpg^图书音像|少儿/教育图书|考试
186429^麦田里的守望者^832|519|1^B004PYENZA^https://images-cn-4.ssl-images-amazon.com/images/I/41AqJNk7d7L._SY344_BO1,204,203,200_QL70_.jpg^小说|文学艺术|图书音像
189412^围城^832|552|892^B00DA47QQE^https://images-cn-4.ssl-images-amazon.com/images/I/51y2BB6M-jL._SY344_BO1,204,203,200_QL70_.jpg^音像|图书音像|有声读物
193064^TP-LINK TL-WR710N 150M迷你型无线路由器^1057|390|815^B005YUBY24^https://images-cn-4.ssl-images-amazon.com/images/I/31fq2sWt5QL._SY300_QL70_.jpg^网络设备|路由器/中继器|电脑/办公
193377^SanDisk闪迪ExtremeSDXCUHS-1Class10300X64G至尊极速高清SD卡-45MB/s(新老包装随机发货)^1057|268|902^B0070WU51U^https://images-cn-4.ssl-images-amazon.com/images/I/5146tXHceoL._SY300_QL70_.jpg^存储设备|存储卡|电脑/办公
195346^红楼梦^832|519|1^B0011AG8PE^https://images-cn-4.ssl-images-amazon.com/images/I/41VtoS2CppL._SY344_BO1,204,203,200_QL70_.jpg^小说|文学艺术|图书音像
196131^飞利浦 Philips SHE1360 (耳塞式耳机 浓缩即是精华!)^1057|439|992^B0012CHKL2^https://images-cn-4.ssl-images-amazon.com/images/I/41f%2Bz%2BDsygL._SY300_QL70_.jpg^外设产品|耳机/耳麦|电脑/办公
197115^TAILI太力AY167大号棉被衣物真空压缩袋(80*100cm 4个装)^933|217|195^B003479JWG^https://images-cn-4.ssl-images-amazon.com/images/I/51eF4sZVS1L._SY300_QL70_.jpg^压缩袋/泵|收纳整理|家居生活
197977^因为痛,所以叫青春:写给独自站在人生路口的你^832|519|402^B007ICDQNG^https://images-cn-4.ssl-images-amazon.com/images/I/51Kk%2BFN%2BihL._SX258_BO1,204,203,200_QL70_.jpg^青春文学|文学艺术|图书音像
198724^TOSHIBA 东芝 黑甲虫系列 2.5寸 1TB USB3.0 移动硬盘(白色)^1057|268|814^B009YOHBD2^https://images-cn-4.ssl-images-amazon.com/images/I/31d1j%2BAkl%2BL._SY300_QL70_.jpg^存储设备|移动硬盘|电脑/办公
200367^C++Primer中文版(第4版)^832|1096|43^B00114DX08^https://images-cn-4.ssl-images-amazon.com/images/I/51DfnpNRugL._SX258_BO1,204,203,200_QL70_.jpg^计算机/网络|图书音像|科技类图书
201377^PNY 必恩威 巴黎双子盘 浪漫紫罗 32GB 优盘^1057|268|378^B003STDEDK^https://images-cn-4.ssl-images-amazon.com/images/I/41xAzL79YHL._SX300_QL70_.jpg^存储设备|U盘|电脑/办公
201454^小王子(65周年纪念版)^832|1101|1086^B003YJFNME^https://images-cn-4.ssl-images-amazon.com/images/I/51KgEWM2BiL._SY344_BO1,204,203,200_QL70_.jpg^图书音像|少儿|少儿/教育图书
203606^完美情人吴奇隆:巴黎-7℃的浪漫(精美礼盒装)(附视频光盘1张+笔记本1个+巴黎写真明信片7张+海报1张)^57|614|33^B00810UORA^https://images-cn-4.ssl-images-amazon.com/images/I/51sYVXDraOL._SY344_BO1,204,203,200_QL70_.jpg^明星纪念品/主题系列收藏|其他|古董/字画/收藏
203971^如何说孩子才会听 怎么听孩子才肯说(2012修订版)^832|665|45^B008JAO9Q4^https://images-cn-4.ssl-images-amazon.com/images/I/516txkpnK%2BL._SY344_BO1,204,203,200_QL70_.jpg^亲子/家教|生活类图书|图书音像
204025^围城^832|519|1^B008NZL98G^https://images-cn-4.ssl-images-amazon.com/images/I/51G8wGPoHgL._SY344_BO1,204,203,200_QL70_.jpg^小说|文学艺术|图书音像
204437^WD 西部数据 My Passport 超便携移动硬盘 2.5英寸 USB3.0 2TB 银色 WDBY8L0020BSL^1057|268|814^B00A2KOGH6^https://images-cn-4.ssl-images-amazon.com/images/I/31beOLm9L9L._SY300_QL70_.jpg^存储设备|移动硬盘|电脑/办公
205846^万历十五年(增订纪念本)^832|723|86^B0011BVBVY^https://images-cn-4.ssl-images-amazon.com/images/I/41bOnrj1DLL._SY344_BO1,204,203,200_QL70_.jpg^历史|人文社科类图书|图书音像
206404^0-3岁小婴孩必备全书:经典童话本(套装10本)(童话大师传世名作)^832|1101|1086^B001CCSZC0^https://images-cn-4.ssl-images-amazon.com/images/I/51Aj56mwviL._SX258_BO1,204,203,200_QL70_.jpg^图书音像|少儿|少儿/教育图书
208014^鸟哥的Linux私房菜:基础学习篇(第3版)^832|1096|43^B003TJNO98^https://images-cn-4.ssl-images-amazon.com/images/I/51k3nCBfDWL._SX258_BO1,204,203,200_QL70_.jpg^计算机/网络|图书音像|科技类图书
208995^NOKIA 诺基亚 1010 双SIM卡 音乐手机(黑色 非定制机)^1128|640|304^B005MV1V64^https://images-cn-4.ssl-images-amazon.com/images/I/418RkJ6IK2L._SY300_QL70_.jpg^手机|手机通讯|手机/数码
209038^Logitech 罗技MK270无线键鼠套装(NANO优联接收器,简约设计,省电耐用,三年质保)^1057|439|962^B005YXM376^https://images-cn-4.ssl-images-amazon.com/images/I/41eeYt7Ci8L._SY300_QL70_.jpg^外设产品|键盘|电脑/办公
212138^星空^832|519|164^B002Q0Y828^https://images-cn-4.ssl-images-amazon.com/images/I/51HRrma-WyL._SY344_BO1,204,203,200_QL70_.jpg^动漫/幽默|文学艺术|图书音像
212449^MERCURY 水星网络 MW150R 11N 150M无线宽带路由器(此款产品老版本为8个显示灯,新老版本随机发货)^1057|390|815^B004HFQMII^https://images-cn-4.ssl-images-amazon.com/images/I/31FgqLTeiTL._SY300_QL70_.jpg^网络设备|路由器/中继器|电脑/办公
214714^慢慢来,一切都来得及^832|665|45^B00A9RXABU^https://images-cn-4.ssl-images-amazon.com/images/I/41lu2kWMFIL._SY344_BO1,204,203,200_QL70_.jpg^亲子/家教|生活类图书|图书音像
214958^HUAWEI 华为 T8951(G510)3G手机(黑色)移动定制版、4.5英寸大屏、android系统^1128|640|304^B00AXUU6RY^https://images-cn-4.ssl-images-amazon.com/images/I/41k2bX6uSmL._SY300_QL70_.jpg^手机|手机通讯|手机/数码
216672^万历十五年(增订纪念本)^832|723|221^B001T4ZKHE^https://images-cn-4.ssl-images-amazon.com/images/I/5198spdCzuL._SY344_BO1,204,203,200_QL70_.jpg^政治/军事|人文社科类图书|图书音像
218439^何以笙箫默(7周年精装珍藏版)^832|723|396^B004LI9QL6^https://images-cn-4.ssl-images-amazon.com/images/I/51DbRsaJQ8L._SX258_BO1,204,203,200_QL70_.jpg^哲学/宗教|人文社科类图书|图书音像
221126^Pride and Prejudice: (Penguin Classics Deluxe Edition)^832|476|923^0143105426^https://images-cn-4.ssl-images-amazon.com/images/I/51vOUMKOPBL._SY344_BO1,204,203,200_QL70_.jpg^其它图书|图书音像|进口图书
221311^红楼梦^832|519|1^B00112YLRE^https://images-cn-4.ssl-images-amazon.com/images/I/51GRXyBpzGL._SY344_BO1,204,203,200_QL70_.jpg^小说|文学艺术|图书音像
223743^Kingston 金士顿 8G SDHC Class4 SD卡^1057|268|902^B003U6GP14^https://images-cn-4.ssl-images-amazon.com/images/I/51YmlhUziRL._SY300_QL70_.jpg^存储设备|存储卡|电脑/办公
224293^SanDisk闪迪UltraSDHCClass10200X32G至尊高速SDHC存储卡^1057|268|902^B007BJHEWK^https://images-cn-4.ssl-images-amazon.com/images/I/51Y0H536V5L._SY300_QL70_.jpg^存储设备|存储卡|电脑/办公
224571^"偷影子的人(附""青春初吻""纪念明信片)"^832|519|1^B008ASCLJW^https://images-cn-4.ssl-images-amazon.com/images/I/51QKQ-oaDwL._SY344_BO1,204,203,200_QL70_.jpg^小说|文学艺术|图书音像
224940^摸着石头过河^832|1101|1086^B009I9HBFG^https://images-cn-4.ssl-images-amazon.com/images/I/51wq0ZPPTML._SY344_BO1,204,203,200_QL70_.jpg^图书音像|少儿|少儿/教育图书
227496^三星B309(Samsung B309)时尚镜面直板CDMA手机(黑 电信定制)^1128|640|304^B002PDODUS^https://images-cn-4.ssl-images-amazon.com/images/I/412vxeEGQcL._SY300_QL70_.jpg^手机|手机通讯|手机/数码
227847^麦田里的守望者^832|519|1^B003UOXXUM^https://images-cn-4.ssl-images-amazon.com/images/I/41cKdZiTx1L._SX258_BO1,204,203,200_QL70_.jpg^小说|文学艺术|图书音像
228884^撒哈拉的故事^832|1101|1086^B005DRCQZ2^https://images-cn-4.ssl-images-amazon.com/images/I/41liBBduGwL._SY344_BO1,204,203,200_QL70_.jpg^图书音像|少儿|少儿/教育图书
229122^NOKIA 诺基亚 1010 双SIM卡 音乐手机(红色 非定制机)^1128|640|304^B005MV1VIC^https://images-cn-4.ssl-images-amazon.com/images/I/41mxIy3jMQL._SY300_QL70_.jpg^手机|手机通讯|手机/数码
231449^"致我们终将逝去的青春(附""致青春""珍藏卡册)"^832|519|402^B00C9U88OE^https://images-cn-4.ssl-images-amazon.com/images/I/51EzZjyJYfL._SX258_BO1,204,203,200_QL70_.jpg^青春文学|文学艺术|图书音像
238486^乌合之众:大众心理研究^832|723|189^B0035RP348^https://images-cn-4.ssl-images-amazon.com/images/I/41WVXTcw25L._SY344_BO1,204,203,200_QL70_.jpg^社会科学|人文社科类图书|图书音像
239295^白鹿原^832|519|1^B005WFWEFC^https://images-cn-4.ssl-images-amazon.com/images/I/41pTG0eSXtL._SY344_BO1,204,203,200_QL70_.jpg^小说|文学艺术|图书音像
240056^新东方????4级词汇词根+联想记忆法(乱序版)(附MP3光盘)^832|1101|921^B007YDYKI4^https://images-cn-4.ssl-images-amazon.com/images/I/51ZHQ0rdtsL._SX258_BO1,204,203,200_QL70_.jpg^图书音像|外语|少儿/教育图书
240210^自控力(斯坦福大学最受欢迎的心理学课程)^832|723|189^B008AGHPM2^https://images-cn-4.ssl-images-amazon.com/images/I/51k4Jdrj%2BqL._SX258_BO1,204,203,200_QL70_.jpg^社会科学|人文社科类图书|图书音像
240220^WD 西部数据 My Passport 2.5' USB3.0 1TB移动硬盘(蓝色 WDBBEP0010BBL-PESN-CH)^1057|268|814^B008ATN8QG^https://images-cn-4.ssl-images-amazon.com/images/I/31V0q5StP%2BL._SY300_QL70_.jpg^存储设备|移动硬盘|电脑/办公
243604^草房子^832|1101|1086^B002TOJF8S^https://images-cn-4.ssl-images-amazon.com/images/I/41xgCx-bxpL._SY344_BO1,204,203,200_QL70_.jpg^图书音像|少儿|少儿/教育图书
243664^厚黑学(全本珍藏版)^832|723|1052^B002WB0XXO^https://images-cn-4.ssl-images-amazon.com/images/I/51QoQ7LmIPL._SY344_BO1,204,203,200_QL70_.jpg^人文社科类图书|图书音像|古籍
244195^PNY 必恩威 纽约双子盘 天空蓝 4GB 优盘^1057|268|378^B003STDEE4^https://images-cn-4.ssl-images-amazon.com/images/I/41ibftiPEtL._SX300_QL70_.jpg^存储设备|U盘|电脑/办公
244213^定本????育儿百科^832|665|285^B003TLN5GI^https://images-cn-4.ssl-images-amazon.com/images/I/51MS5r45O2L._SX258_BO1,204,203,200_QL70_.jpg^育儿/早教|生活类图书|图书音像
244880^Canon 佳能 EOS 600D 数码单反套机(EFs 18-55mm/f3.5-5.6ISII镜头)^1128|31|591^B004QEZ6H8^https://images-cn-4.ssl-images-amazon.com/images/I/515h9H70YBL._SX300_QL70_.jpg^摄影摄像|数码单反相机|手机/数码
246509^Logitech罗技M100r二代有线鼠标(白色,罗技最畅销有线鼠标,黑白双色,全尺寸设计,外形精巧,你值得拥有)^1057|439|962^B008TM6S20^https://images-cn-4.ssl-images-amazon.com/images/I/31EKS%2BEvB4L._SY300_QL70_.jpg^外设产品|键盘|电脑/办公
247491^Pride and Prejudice^832|476|923^0141028106^https://images-cn-4.ssl-images-amazon.com/images/I/41bo65Xu3TL._SY344_BO1,204,203,200_QL70_.jpg^其它图书|图书音像|进口图书
249344^三国演义^832|1101|1086^B001MS8MM2^https://images-cn-4.ssl-images-amazon.com/images/I/61yQIHDHYeL._SY344_BO1,204,203,200_QL70_.jpg^图书音像|少儿|少儿/教育图书
250451^最好的时光在路上:中国国家地理^832|665|121^B0067WM594^https://images-cn-4.ssl-images-amazon.com/images/I/51avrbeLOKL._SY344_BO1,204,203,200_QL70_.jpg^旅游/地图|生活类图书|图书音像
251920^不曾走过,怎会懂得:没走过的,是路;走过的,才是人生^832|151|305^B00COX3VSY^https://images-cn-4.ssl-images-amazon.com/images/I/51WhbzMUB6L._SY344_BO1,204,203,200_QL70_.jpg^经管类图书|成功/励志|图书音像
253659^情人(译文经典)^832|519|1^B002KFZJJK^https://images-cn-4.ssl-images-amazon.com/images/I/619mNbbCYnL._SY344_BO1,204,203,200_QL70_.jpg^小说|文学艺术|图书音像
253869^牛津高阶英汉双解词典(第7版)^832|1101|921^B003EIJPBK^https://images-cn-4.ssl-images-amazon.com/images/I/51l0VjtzefL._SY344_BO1,204,203,200_QL70_.jpg^图书音像|外语|少儿/教育图书
255387^九阳豆浆机无网星DJ12B-A11DEC(全钢制浆、精钢机头)^222|964|935^B005N5JATO^https://images-cn-4.ssl-images-amazon.com/images/I/41V7bqrlZwL._SY300_QL70_.jpg^家用电器|豆浆机|厨房电器
258451^Bear小熊 酸奶机 SNJ-10A (加送4个分杯内胆,绿色,亚马逊订制)^222|964|1020^B0010LCLBO^https://images-cn-4.ssl-images-amazon.com/images/I/41YFb2l1IlL._SY300_QL70_.jpg^家用电器|厨房电器|酸奶机
258458^L'OREAL PARIS巴黎欧莱雅清润全日保湿水精华凝露50ml(新老包装转换中)^916|451|157^B0010MAGDS^https://images-cn-4.ssl-images-amazon.com/images/I/41Auivopu-L._SY300_QL70_.jpg^面部精华|面部护理|美妆个护
259637^小狗钱钱^832|1101|1086^B001UVT86K^https://images-cn-4.ssl-images-amazon.com/images/I/51oNLo7MsmL._SY344_BO1,204,203,200_QL70_.jpg^图书音像|少儿|少儿/教育图书
259978^与神对话:一生等待的书^832|1101|1086^B002IPG2G6^https://images-cn-4.ssl-images-amazon.com/images/I/41pz2a5RjAL._SY344_BO1,204,203,200_QL70_.jpg^图书音像|少儿|少儿/教育图书
260348^西尔斯亲密育儿百科(全球最权威最受欢迎的育儿百科最新定本)^832|665|285^B0032S3VEE^https://images-cn-4.ssl-images-amazon.com/images/I/41XLbU3%2B3lL._SY344_BO1,204,203,200_QL70_.jpg^育儿/早教|生活类图书|图书音像
260727^Microsoft 微软无线蓝影便携鼠标3500(金属灰 全球销量第一的鼠标 专利蓝影技术 办公首选 可以挑战任何表面 新老包装随机发货)^1057|439|736^B003N63ZVO^https://images-cn-4.ssl-images-amazon.com/images/I/41NRoALSJ7L._SY300_QL70_.jpg^外设产品|鼠标|电脑/办公
260733^Kingston 金士顿 DDR3 1333 1GB 笔记本内存^1057|24|851^B003N64OBO^https://images-cn-4.ssl-images-amazon.com/images/I/51-N0zdMRXL._SY300_QL70_.jpg^笔记本/平板配件|笔记本配件|电脑/办公
261355^Transcend 创见 microSDHC Class4 TF卡 4G^1057|268|902^B004OA7J06^https://images-cn-4.ssl-images-amazon.com/images/I/41HpwvFA4sL._SX300_QL70_.jpg^存储设备|存储卡|电脑/办公
262020^三国演义^832|519|1^B0081MR548^https://images-cn-4.ssl-images-amazon.com/images/I/51JFGijydkL._SY344_BO1,204,203,200_QL70_.jpg^小说|文学艺术|图书音像
262716^HUAWEI 华为 Ascend P6 3G手机(粉色 移动定制)TD-SCDMA/GSM、纤薄机身、金属质感、800万像素、android 4.2系统、4.7英寸屏幕^1128|640|304^B00EJA2YQU^https://images-cn-4.ssl-images-amazon.com/images/I/41sIUXN-yUL._SY300_QL70_.jpg^手机|手机通讯|手机/数码
265085^TP-LINK TL-WR740N 11N 150M无线路由器^1057|390|815^B004HFQLXO^https://images-cn-4.ssl-images-amazon.com/images/I/31TQdanT2mL._SY300_QL70_.jpg^网络设备|路由器/中继器|电脑/办公
267569^HTC T329d CDMA2000/GSM 3G手机(闪客灰 电信定制) 双模双待双通,4.0英寸显示屏,双核1G^1128|640|304^B00AZG2LQA^https://images-cn-4.ssl-images-amazon.com/images/I/41KcQWW0q-L._SY300_QL70_.jpg^手机|手机通讯|手机/数码
270638^Kingston 金士顿 DataTraveler G3 16GB 优盘 蓝白^1057|268|378^B0040EIHJS^https://images-cn-4.ssl-images-amazon.com/images/I/31gUWelSAsL._SY300_QL70_.jpg^存储设备|U盘|电脑/办公
272072^SanDisk 闪迪 手机存储卡microSDHC Class4 8GB TF卡^1057|268|902^B0062WDTL2^https://images-cn-4.ssl-images-amazon.com/images/I/51mtrLqGxqL._SY300_QL70_.jpg^存储设备|存储卡|电脑/办公
275638^Edifier漫步者 H180 耳塞式耳机 黑色(经典时尚)^1057|439|992^B001KBYP90^https://images-cn-4.ssl-images-amazon.com/images/I/41LUEX%2BDciL._SY300_QL70_.jpg^外设产品|耳机/耳麦|电脑/办公
275697^原来你非不快乐^832|665|994^B001NXC3A8^https://images-cn-4.ssl-images-amazon.com/images/I/41eRvjwhLpL._SY344_BO1,204,203,200_QL70_.jpg^生活类图书|图书音像|两性关系
275707^猜猜我有多爱你^832|1101|1086^B001O2HFL0^https://images-cn-4.ssl-images-amazon.com/images/I/51OaoKgR8RL._SX258_BO1,204,203,200_QL70_.jpg^图书音像|少儿|少儿/教育图书
280141^AKG K450 便携折叠式头戴耳机 音场丰厚开阔 单边出线可拆卸 附收纳盒^222|747|878^B002XDQUNS^https://images-cn-4.ssl-images-amazon.com/images/I/41fF7xryMrL._SY300_QL70_.jpg^家用电器|影音电器|影音电器配件
280454^logitech 罗技 M90有线光学鼠标 (黑色,即插即用光学跟踪技术,可靠和舒适!)^1057|439|736^B003YXYPOM^https://images-cn-4.ssl-images-amazon.com/images/I/31VadnJOkrL._SX300_QL70_.jpg^外设产品|鼠标|电脑/办公
286997^千纤草黄瓜水500ml^916|451|1123^B003X0BSP0^https://images-cn-4.ssl-images-amazon.com/images/I/31i7lIchHBL._SY300_QL70_.jpg^面部护理|美妆个护|化妆水/爽肤水
289752^平凡的世界(套装共3部)^832|1101|1086^B00116J6FM^https://images-cn-4.ssl-images-amazon.com/images/I/51KB-XYE4QL._SY344_BO1,204,203,200_QL70_.jpg^图书音像|少儿|少儿/教育图书
292051^平凡的世界(套装共3册)^832|1101|1086^B0079RCDAM^https://images-cn-4.ssl-images-amazon.com/images/I/41sYh6%2B-mML._SY344_BO1,204,203,200_QL70_.jpg^图书音像|少儿|少儿/教育图书
294209^不畏将来 不念过去^832|723|221^B00CGV0XA8^https://images-cn-4.ssl-images-amazon.com/images/I/51DbBJiAbOL._SY344_BO1,204,203,200_QL70_.jpg^政治/军事|人文社科类图书|图书音像
294889^Pride and Prejudice^832|476|923^0143036238^https://images-cn-4.ssl-images-amazon.com/images/I/51lNDh-2N2L._SY344_BO1,204,203,200_QL70_.jpg^其它图书|图书音像|进口图书
296778^千纤草丝瓜水500ml^916|451|1123^B003X0BSOQ^https://images-cn-4.ssl-images-amazon.com/images/I/41uocrr9NSL._SY300_QL70_.jpg^面部护理|美妆个护|化妆水/爽肤水
298346^Apple iPhone 4(8G) 3G智能手机(黑色)^1128|640|304^B0063CD0WO^https://images-cn-4.ssl-images-amazon.com/images/I/41xImxUcFUL._SY300_QL70_.jpg^手机|手机通讯|手机/数码
298393^Edifier漫步者 R201T12 2.1声道音箱(黑色 内外兼修 超500万销量)^1057|439|1064^B0067F2RTE^https://images-cn-4.ssl-images-amazon.com/images/I/41gN5bL7EEL._SX300_QL70_.jpg^外设产品|电脑/办公|电脑音箱
298405^民主的细节:当代美国政治观察随笔(修订版)^832|723|221^B0068AG6UY^https://images-cn-4.ssl-images-amazon.com/images/I/51WiLdSOHzL._SY344_BO1,204,203,200_QL70_.jpg^政治/军事|人文社科类图书|图书音像
299096^李宇春:2012最新专辑 再不疯狂我们就老了(CD)^57|614|33^B008V6W44A^https://images-cn-4.ssl-images-amazon.com/images/I/51EuCG%2Bub0L._SY300_QL70_.jpg^明星纪念品/主题系列收藏|其他|古董/字画/收藏
300265^Edifier漫步者 H180 耳塞式耳机 白色(经典时尚)^1057|439|992^B0010LGT4E^https://images-cn-4.ssl-images-amazon.com/images/I/41LUEX%2BDciL._SY300_QL70_.jpg^外设产品|耳机/耳麦|电脑/办公
301362^大卫,不可以^832|1101|1086^B00126CAWC^https://images-cn-4.ssl-images-amazon.com/images/I/51FAIKqcRKL._SX258_BO1,204,203,200_QL70_.jpg^图书音像|少儿|少儿/教育图书
301535^PHILIPS飞利浦HX1610/33Sonicare Sensiflex充电式电动牙刷(原型号HX1610/02,新老品更替,随机发货)^222|621|413^B0017PIEK0^https://images-cn-4.ssl-images-amazon.com/images/I/41T4J7XROIL._SY300_QL70_.jpg^家用电器|电动牙刷|个人护理电器
302217^Elizabeth Arden伊丽莎白雅顿绿茶香水50ml(进)(特卖)^916|416|553^B002M77ZB6^https://images-cn-4.ssl-images-amazon.com/images/I/41AAc8vsA5L._SY300_QL70_.jpg^彩妆|香水|美妆个护
303194^SanDisk闪迪UltraSDHCClass10200X16G至尊高速SDHC存储卡(新老包装随机发货)^1057|268|902^B007BJHETS^https://images-cn-4.ssl-images-amazon.com/images/I/41NOc9kUNiL._SY300_QL70_.jpg^存储设备|存储卡|电脑/办公
305512^Steve Jobs(史蒂夫????乔布斯传)(美国版)(CD)^832|476|923^1442346949^https://images-cn-4.ssl-images-amazon.com/images/I/51FTF0azQgL._SX258_BO1,204,203,200_QL70_.jpg^其它图书|图书音像|进口图书
306453^中国古典四大名著:三国演义^832|519|1^B00358K702^https://images-cn-4.ssl-images-amazon.com/images/I/51ZhEG%2BzDSL._SY344_BO1,204,203,200_QL70_.jpg^小说|文学艺术|图书音像
307545^百年孤独(根据马尔克斯指定版本翻译,未做任何增删)^832|519|1^B0052IGZFO^https://images-cn-4.ssl-images-amazon.com/images/I/51OYLEjMGIL._SY344_BO1,204,203,200_QL70_.jpg^小说|文学艺术|图书音像
312528^厚黑学^832|552|892^B002H9X3DS^https://images-cn-4.ssl-images-amazon.com/images/I/41XL6Hc6ArL._SY344_BO1,204,203,200_QL70_.jpg^音像|图书音像|有声读物
312698^香山电子健康秤EB9005L^222|430|969^B002SBA39C^https://images-cn-4.ssl-images-amazon.com/images/I/41l86T-xffL._SY300_QL70_.jpg^家用电器|保健按摩器材|体重秤
314081^时寒冰说:经济大棋局,我们怎么办^832|723|221^B0051T7T7W^https://images-cn-4.ssl-images-amazon.com/images/I/51DDJuy6zbL._SX258_BO1,204,203,200_QL70_.jpg^政治/军事|人文社科类图书|图书音像
314127^Microsoft 微软光学鼠标100(精致外观 手感舒适 超高性价比 满足您日常办公需求)^1057|439|736^B00541P0DW^https://images-cn-4.ssl-images-amazon.com/images/I/41jiKbjUe4L._SX300_QL70_.jpg^外设产品|鼠标|电脑/办公
316066^资生堂ZA洁面膏100g^916|451|406^B0010MA9T4^https://images-cn-4.ssl-images-amazon.com/images/I/41EpmSllOLL._SY300_QL70_.jpg^洁面|面部护理|美妆个护
317179^Davidoff大卫杜夫男士香水75ml(进)^916|416|553^B0018Y5XO0^https://images-cn-4.ssl-images-amazon.com/images/I/41TwsNznEUL._SY300_QL70_.jpg^彩妆|香水|美妆个护
317249^荆棘鸟(十周年典藏纪念版)^832|519|1^B001E39O2C^https://images-cn-4.ssl-images-amazon.com/images/I/41ZKsDatQgL._SY344_BO1,204,203,200_QL70_.jpg^小说|文学艺术|图书音像
317387^SENIC 硕美科/声丽 MX-112 (黑色 耳塞式耳麦,较高性价比,实惠耐用!)^1057|439|992^B0027P9T80^https://images-cn-4.ssl-images-amazon.com/images/I/414Usuh3FBL._SY300_QL70_.jpg^外设产品|耳机/耳麦|电脑/办公
317452^平凡的世界(套装全3册)^832|1101|1086^B0034G53V8^https://images-cn-4.ssl-images-amazon.com/images/I/41IQssKI1OL._SX258_BO1,204,203,200_QL70_.jpg^图书音像|少儿|少儿/教育图书
320012^红楼梦^832|519|1^B00AFQKQV2^https://images-cn-4.ssl-images-amazon.com/images/I/41sMSZvWluL._SX258_BO1,204,203,200_QL70_.jpg^小说|文学艺术|图书音像
321358^Steve Jobs: The Exclusive Biography^832|476|923^0349139598^https://via.placeholder.com/350x150^其它图书|图书音像|进口图书
321652^译文经典:一九八四^832|519|1^B001BIVYSW^https://images-cn-4.ssl-images-amazon.com/images/I/51bKxtfU4gL._SY344_BO1,204,203,200_QL70_.jpg^小说|文学艺术|图书音像
322496^PHILIPS飞利浦HP8200/00电吹风^222|621|521^B002TKLK2Q^https://images-cn-4.ssl-images-amazon.com/images/I/312pggDeJSL._SY300_QL70_.jpg^家用电器|电吹风|个人护理电器
322532^星空^832|519|1076^B002VUCDQ6^https://images-cn-4.ssl-images-amazon.com/images/I/51ZyKS1FAbL._SY344_BO1,204,203,200_QL70_.jpg^文学艺术|图书音像|艺术
323092^红楼梦^832|519|1^B003SKOP2I^https://images-cn-4.ssl-images-amazon.com/images/I/5141Jl1D91L._SY344_BO1,204,203,200_QL70_.jpg^小说|文学艺术|图书音像
323358^Edifier漫步者 R101T北美 2.1声道多媒体音箱(黑色)^1057|439|1064^B003ZUYW2E^https://images-cn-4.ssl-images-amazon.com/images/I/411v0AwOmYL._SX300_QL70_.jpg^外设产品|电脑/办公|电脑音箱
323519^Rapoo 雷柏 1090光学鼠标(经典黑)(智能自动对码/1000DPI高精度光学引擎)^1057|439|736^B004A91ARY^https://images-cn-4.ssl-images-amazon.com/images/I/410NDN9q1EL._SY300_QL70_.jpg^外设产品|鼠标|电脑/办公
326582^Mentholatum曼秀雷敦男士冰爽活炭洁面乳150ml (特卖)^916|502|1025^B0010MBKA6^https://images-cn-4.ssl-images-amazon.com/images/I/41Jc24lBavL._SY300_QL70_.jpg^男士护肤|美妆个护|男士洁面
326781^万历十五年^832|723|86^B00116NQLW^https://images-cn-4.ssl-images-amazon.com/images/I/51Ky8Eh29mL._SY344_BO1,204,203,200_QL70_.jpg^历史|人文社科类图书|图书音像
330709^WD 西部数据 My Passport 2.5' USB3.0 2TB移动硬盘(红色 WDBY8L0020BRD-PESN-CH)^1057|268|814^B00CAE5ZCW^https://images-cn-4.ssl-images-amazon.com/images/I/31pBvkLgwaL._SY300_QL70_.jpg^存储设备|移动硬盘|电脑/办公
332416^别笑!我是英文单词书(全彩图文本)(随书附赠390分钟1、2、3.4英汉双语朗读光盘!)^832|1101|921^B001VNCFDA^https://images-cn-4.ssl-images-amazon.com/images/I/51nA3tkuRSL._SX258_BO1,204,203,200_QL70_.jpg^图书音像|外语|少儿/教育图书
332759^飞利浦 Philips SHE2550 耳塞式耳机 (入门首选经典型号,全新包装升级版,包装更时尚!)^1057|439|992^B003CJSQFC^https://images-cn-4.ssl-images-amazon.com/images/I/31mQC4-iq9L._SY300_QL70_.jpg^外设产品|耳机/耳麦|电脑/办公
332957^PNY 必恩威 纽约双子盘 天空蓝 8GB 优盘^1057|268|378^B003STDEEE^https://images-cn-4.ssl-images-amazon.com/images/I/41xc1dxX%2B6L._SY300_QL70_.jpg^存储设备|U盘|电脑/办公
333125^素年锦时^832|552|892^B004CTI6VU^https://images-cn-4.ssl-images-amazon.com/images/I/41Pzfrt4ZVL._SY344_BO1,204,203,200_QL70_.jpg^音像|图书音像|有声读物
333508^Canon 佳能 EOS 600D 数码单反套机(EF-S 18-135mm f/3.5-5.6 IS 镜头)^1128|31|591^B004QEZ6HI^https://images-cn-4.ssl-images-amazon.com/images/I/51ZTYJ32asL._SY300_QL70_.jpg^摄影摄像|数码单反相机|手机/数码
336834^愿你与这世界温暖相拥^832|519|402^B00DM01QF8^https://images-cn-4.ssl-images-amazon.com/images/I/41wW353VrHL._SX258_BO1,204,203,200_QL70_.jpg^青春文学|文学艺术|图书音像
342922^偷书贼(2006 亚马逊网络书店年度选书)^832|519|1^B0011C25RW^https://images-cn-4.ssl-images-amazon.com/images/I/41d1nEKnCaL._SY344_BO1,204,203,200_QL70_.jpg^小说|文学艺术|图书音像
343061^设计中的设计^832|519|1076^B0011CRO32^https://images-cn-4.ssl-images-amazon.com/images/I/41mwxg7p1NL._SY344_BO1,204,203,200_QL70_.jpg^文学艺术|图书音像|艺术
343531^SENIC 硕美科/声丽 ST-2688 (金色 有线动圈式耳麦,经典大耳罩!)^1057|439|992^B001EQ68N2^https://images-cn-4.ssl-images-amazon.com/images/I/41guXZhUbRL._SY300_QL70_.jpg^外设产品|耳机/耳麦|电脑/办公
343656^森海塞尔 Sennheiser CX 200 STREET II WHITE 入耳机耳机^1057|439|992^B0028K32Q4^https://images-cn-4.ssl-images-amazon.com/images/I/31htvorUsFL._SY300_QL70_.jpg^外设产品|耳机/耳麦|电脑/办公
344473^三国演义^832|1101|374^B005OOXNII^https://images-cn-4.ssl-images-amazon.com/images/I/41NgjwLYOFL._SY344_BO1,204,203,200_QL70_.jpg^中小学教辅|图书音像|少儿/教育图书
345003^Tenda 腾达 N4 v2 150M无线路由器(产品切换,V1、V2版本随机发货)^1057|390|815^B007KG0RQO^https://images-cn-4.ssl-images-amazon.com/images/I/31xqi0sRCdL._SY300_QL70_.jpg^网络设备|路由器/中继器|电脑/办公
346009^白鹿原^832|519|1^B009NC6Y9C^https://images-cn-4.ssl-images-amazon.com/images/I/51Kz2SAFRTL._SY344_BO1,204,203,200_QL70_.jpg^小说|文学艺术|图书音像
346382^厚黑学(原版精装本)^832|723|396^B00ATZ9FLG^https://images-cn-4.ssl-images-amazon.com/images/I/51eIs4iRkTL._SX258_BO1,204,203,200_QL70_.jpg^哲学/宗教|人文社科类图书|图书音像
347091^SanDisk 闪迪 microSDHC Class10 16GB 至尊极速移动存储卡 UHS-1制式 读取速度最高可达80MB/s 金红色^1057|268|902^B00D6XSRL2^https://images-cn-4.ssl-images-amazon.com/images/I/41MY3FVBFbL._SX300_QL70_.jpg^存储设备|存储卡|电脑/办公
348264^三国演义^832|519|1^B002AO8UVA^https://images-cn-4.ssl-images-amazon.com/images/I/41NqTyUuMWL._SY344_BO1,204,203,200_QL70_.jpg^小说|文学艺术|图书音像
348644^腾达 TENDA 150M无线路由器 W311R(新老外包装更换中,会随机发货)^1057|390|815^B002SG6RYW^https://images-cn-4.ssl-images-amazon.com/images/I/31ZkhuMf4DL._SY300_QL70_.jpg^网络设备|路由器/中继器|电脑/办公
348924^红楼梦^832|519|1^B003CF9QKA^https://images-cn-4.ssl-images-amazon.com/images/I/51TQ8S4ns3L._SY344_BO1,204,203,200_QL70_.jpg^小说|文学艺术|图书音像
350191^三国演义(珍藏版)^832|519|1^B00520PPTE^https://images-cn-4.ssl-images-amazon.com/images/I/5158sF5jSdL._SY344_BO1,204,203,200_QL70_.jpg^小说|文学艺术|图书音像
351060^Logitech 罗技 M185无线光学鼠标 (即插即用Nano接收器,三年质保)^1057|439|736^B00776T3NA^https://images-cn-4.ssl-images-amazon.com/images/I/41gAxhvjhQL._SY300_QL70_.jpg^外设产品|鼠标|电脑/办公
352021^Lenovo 联想 A820T TD-SCDMA/GSM 双卡双待 3G手机(白色 移动定制) 四核1.2G处理器 800万像素^1128|640|304^B00EEUIFEK^https://images-cn-4.ssl-images-amazon.com/images/I/41GOej5rPUL._SX300_QL70_.jpg^手机|手机通讯|手机/数码
353799^沉思录^832|723|396^B0012UM1TU^https://images-cn-4.ssl-images-amazon.com/images/I/41MA9JZAjPL._SY344_BO1,204,203,200_QL70_.jpg^哲学/宗教|人文社科类图书|图书音像
355070^Kingston 金士顿 DataTraveler 101 G2 4GB 优盘^1057|268|378^B003TJ99L0^https://images-cn-4.ssl-images-amazon.com/images/I/41wY686bxxL._SY300_QL70_.jpg^存储设备|U盘|电脑/办公
355168^iPod touch 4代 8GB MC540CH/A 黑色 多媒体播放器^1128|348|995^B00421B7TQ^https://via.placeholder.com/350x150^数码影音|mp3/mp4|手机/数码
355488^TOSHIBA 东芝 黑甲虫系列 2.5寸 500GB USB3.0 移动硬盘(黑色)^1057|268|814^B0067H7S64^https://images-cn-4.ssl-images-amazon.com/images/I/318G0zFnUZL._SY300_QL70_.jpg^存储设备|移动硬盘|电脑/办公
358266^朗文????外研社????新概念英语3(学生用书)(盒装磁带版)(附磁带3盘)^832|1101|921^B0011C194C^https://images-cn-4.ssl-images-amazon.com/images/I/51GUzRCYlAL._SY344_BO1,204,203,200_QL70_.jpg^图书音像|外语|少儿/教育图书
358446^红楼梦^832|519|1^B0016K452M^https://images-cn-4.ssl-images-amazon.com/images/I/5173LMq19UL._SY344_BO1,204,203,200_QL70_.jpg^小说|文学艺术|图书音像
360638^G7 中原3合1速溶咖啡(16g*10包)160g(越南进口)^67|550|929^B006CF2FHI^https://images-cn-4.ssl-images-amazon.com/images/I/51%2B7F7nieSL._SX300_QL70_.jpg^食品/保健|进口食品|进口咖啡
362577^TOSHIBA 东芝 黑甲虫系列 2.5英寸 2TB USB3.0 移动硬盘(黑色)^1057|268|814^B00BN45QIS^https://images-cn-4.ssl-images-amazon.com/images/I/318G0zFnUZL._SY300_QL70_.jpg^存储设备|移动硬盘|电脑/办公
363219^Sherlock Holmes: The Complete Novels and Stories Volume II^832|476|923^0553212427^https://images-cn-4.ssl-images-amazon.com/images/I/51da4TCfwZL._SY344_BO1,204,203,200_QL70_.jpg^其它图书|图书音像|进口图书
364792^三国演义^832|519|1^B002CU9X9A^https://images-cn-4.ssl-images-amazon.com/images/I/41ZM5BFL1fL._SX258_BO1,204,203,200_QL70_.jpg^小说|文学艺术|图书音像
364878^微微一笑很倾城^832|519|402^B002IIE90Y^https://images-cn-4.ssl-images-amazon.com/images/I/41jWOYY0wBL._SY344_BO1,204,203,200_QL70_.jpg^青春文学|文学艺术|图书音像
365357^怀孕40周完美方案(升级畅销版)^832|665|566^B0036FU6FU^https://images-cn-4.ssl-images-amazon.com/images/I/51NKwb2S-jL._SX258_BO1,204,203,200_QL70_.jpg^孕产/胎教|生活类图书|图书音像
365770^Kingston 金士顿 16G SDHC Class4 SD卡^57|881|303^B003U6GP1O^https://images-cn-4.ssl-images-amazon.com/images/I/418c%2BA%2BxmiL._SY300_QL70_.jpg^其他|电玩专用配件|电玩/配件/游戏/攻略
366922^天堂伞三折超大加固雨伞 超强抗风防雨钢骨双人晴雨伞3309E 格 红色系列(颜色随机)^933|659|442^B007K514Y4^https://images-cn-4.ssl-images-amazon.com/images/I/51bPPOMXkvL._SY300_QL70_.jpg^雨伞/阳伞/配件|生活日用|家居生活
367460^Lenovo 联想 A820T 3G手机(深邃黑)TD-SCDMA/GSM 双卡双待 四核1.2G处理器 800万像素^1128|640|304^B00CBRGTJQ^https://images-cn-4.ssl-images-amazon.com/images/I/412LjS0KhpL._SY300_QL70_.jpg^手机|手机通讯|手机/数码
367592^HUAWEI 华为 Ascend P6 3G手机(阿尔卑斯白)TD-SCDMA/GSM、纤薄机身、金属质感、800万像素、android 4.2系统、4.7英寸屏幕 移动定制机^1128|640|304^B00DQLEMCW^https://images-cn-4.ssl-images-amazon.com/images/I/41pjlD-dnXL._SY300_QL70_.jpg^手机|手机通讯|手机/数码
368016^逃离^539|924|1073^B00GXSU4X6^https://images-cn-4.ssl-images-amazon.com/images/I/51pdx4E6NwL._SX258_BO1,204,203,200_QL70_.jpg^机票/充值/票务/虚拟|网游/虚拟货币/游戏点卡|其它相关项目
368372^Steve Jobs: The Exclusive Biography (史蒂夫????乔布斯传)(英国版)^832|476|923^1408703742^https://images-cn-4.ssl-images-amazon.com/images/I/51-KYDMwtIL._SY344_BO1,204,203,200_QL70_.jpg^其它图书|图书音像|进口图书
368386^Steve Jobs (史蒂夫?乔布斯传)(美国版)^832|476|923^1451648537^https://images-cn-4.ssl-images-amazon.com/images/I/41dKkez-1rL._SY344_BO1,204,203,200_QL70_.jpg^其它图书|图书音像|进口图书
368474^百年百部中国儿童文学经典书系:草房子^911|180|636^B001148LUA^https://images-cn-4.ssl-images-amazon.com/images/I/41551UCgRlL._SY344_BO1,204,203,200_QL70_.jpg^早教/益智|早教/智能玩具|母婴/玩具
371019^FAST 迅捷 FW300R 300M无线路由器(此款产品老版本为8个显示灯,新老版本随机发货)^1057|390|815^B007BKI7SE^https://via.placeholder.com/350x150^网络设备|路由器/中继器|电脑/办公
371540^TP-LINK TL-WR845N 300M无线路由器^1057|390|815^B0087NMHMG^https://images-cn-4.ssl-images-amazon.com/images/I/31VbXk%2BD5jL._SY300_QL70_.jpg^网络设备|路由器/中继器|电脑/办公
371783^现代汉语词典(第6版)^832|476|739^B008JAF6HA^https://images-cn-4.ssl-images-amazon.com/images/I/511Gu6tkFuL._SY344_BO1,204,203,200_QL70_.jpg^其它图书|工具书|图书音像
372161^Fuhlen 富勒 M8眩光舞者时尚节能无线鼠标(桃红)(眩光.悦动.时尚炫舞鼠标 12个月免换电池 高精度光学寻迹引擎 超细微接收器10米传输距离)^1057|439|736^B009EJMZ56^https://images-cn-4.ssl-images-amazon.com/images/I/311wgrr1-AL._SX300_QL70_.jpg^外设产品|鼠标|电脑/办公
373594^星火英语?(2013年12月)六级预测试卷(新题型)(6级)(10套预测试题+2套优化真题)(附光盘1张)^832|1101|1116^B00F26N2UW^https://images-cn-4.ssl-images-amazon.com/images/I/51YXWkHO-1L._SY344_BO1,204,203,200_QL70_.jpg^图书音像|少儿/教育图书|考试
376060^译文名著精选????一九八四^832|519|1^B004I56RRS^https://images-cn-4.ssl-images-amazon.com/images/I/41f1UtAHYdL._SY344_BO1,204,203,200_QL70_.jpg^小说|文学艺术|图书音像
376235^Rocher费列罗T30榛果威化巧克力375g (进口)^67|550|230^B004R96HKC^https://images-cn-4.ssl-images-amazon.com/images/I/51Xswk2Y-dL._SX300_QL70_.jpg^食品/保健|进口巧克力|进口食品
377144^SanDisk 闪迪 手机存储卡microSDHC Class4 32GB TF卡^1057|268|902^B0062WDUA2^https://images-cn-4.ssl-images-amazon.com/images/I/51mtrLqGxqL._SY300_QL70_.jpg^存储设备|存储卡|电脑/办公
379043^苏菲的世界^832|519|1^B00112YHDM^https://images-cn-4.ssl-images-amazon.com/images/I/41yL3NnPJgL._SY344_BO1,204,203,200_QL70_.jpg^小说|文学艺术|图书音像
379192^三国演义^832|519|1^B00116ELZW^https://images-cn-4.ssl-images-amazon.com/images/I/41ViZVtvdgL._SY344_BO1,204,203,200_QL70_.jpg^小说|文学艺术|图书音像
379243^苏菲的世界^832|1101|1116^B00116OYMW^https://images-cn-4.ssl-images-amazon.com/images/I/41yL3NnPJgL._SY344_BO1,204,203,200_QL70_.jpg^图书音像|少儿/教育图书|考试
380132^朗文?外研社?新概念英语1(学生用书)(盒装CD版)(附光盘2张)^832|1101|921^B0011FA7QK^https://images-cn-4.ssl-images-amazon.com/images/I/5109nrhw3zL._SX258_BO1,204,203,200_QL70_.jpg^图书音像|外语|少儿/教育图书
381668^红楼梦^832|519|1^B0047BJ04A^https://images-cn-4.ssl-images-amazon.com/images/I/41sfWBZLAWL._SY344_BO1,204,203,200_QL70_.jpg^小说|文学艺术|图书音像
382524^SanDisk 闪迪 Extreme Pro microSDHC Class10 8GB至尊超极速移动存储卡 UHS-1制式 写最高90MB/s,读最高95MB/s 支持3D视频拍摄(红黑、红金两种颜色随机配送)^1057|268|902^B009DUHU4C^https://images-cn-4.ssl-images-amazon.com/images/I/41MY3FVBFbL._SX300_QL70_.jpg^存储设备|存储卡|电脑/办公
383502^不抱怨的世界(增订版)(附不抱怨手环1只)^832|665|170^B00DFXFU4U^https://images-cn-4.ssl-images-amazon.com/images/I/51tIPRToL3L._SX258_BO1,204,203,200_QL70_.jpg^手工/DIY|生活类图书|图书音像
383508^TOSHIBA 东芝 64G TF(microSDXC)存储卡(Class10)30MB/s 黑色^1057|268|902^B00DGMU5CW^https://images-cn-4.ssl-images-amazon.com/images/I/413AEYrldgL._SY300_QL70_.jpg^存储设备|存储卡|电脑/办公
383570^HUAWEI 华为 Ascend P6 联通3G手机 WCDMA/GSM(阿尔卑斯白)^1128|640|304^B00DRARY5Y^https://images-cn-4.ssl-images-amazon.com/images/I/411T4xaNMnL._SY300_QL70_.jpg^手机|手机通讯|手机/数码
383875^SanDisk 闪迪 microSDHC Class10 16GB 至尊极速移动存储卡 UHS-1制式 读取速度最高可达45MB/s^1057|268|902^B00FQOXC14^https://images-cn-4.ssl-images-amazon.com/images/I/41MY3FVBFbL._SX300_QL70_.jpg^存储设备|存储卡|电脑/办公
383876^SanDisk 闪迪 microSDHC Class10 64GB 至尊极速移动存储卡 UHS-1制式 读取速度最高可达45MB/s^1057|268|902^B00FQOXM78^https://images-cn-4.ssl-images-amazon.com/images/I/41MY3FVBFbL._SX300_QL70_.jpg^存储设备|存储卡|电脑/办公
383918^三国演义(学生版)^832|519|1^B00G3YHJM4^https://images-cn-4.ssl-images-amazon.com/images/I/51Dko-ujNGL._SY344_BO1,204,203,200_QL70_.jpg^小说|文学艺术|图书音像
385324^Rocher费列罗T16榛果威化巧克力200g (进口)^67|550|230^B003NNVIBG^https://images-cn-4.ssl-images-amazon.com/images/I/51c147eTIXL._SY300_QL70_.jpg^食品/保健|进口巧克力|进口食品
385373^PNY 必恩威 纽约双子盘 天空蓝 16GB 优盘^1057|268|378^B003STDEEO^https://images-cn-4.ssl-images-amazon.com/images/I/41xcu2pim9L._SY300_QL70_.jpg^存储设备|U盘|电脑/办公
385944^Canon 佳能 EOS 600D 数码单反机身^1128|31|591^B004QEZ6HS^https://images-cn-4.ssl-images-amazon.com/images/I/41VvJgO-CrL._SX300_QL70_.jpg^摄影摄像|数码单反相机|手机/数码
386982^PIGEON贝亲婴儿柔湿巾80片3连包(KA36*3)PL135(特卖)^911|572|523^B006GMG3XO^https://images-cn-4.ssl-images-amazon.com/images/I/51N2VJyCNxL._SY300_QL70_.jpg^湿巾/纸巾|尿裤湿巾|母婴/玩具
387693^我的第一本专注力训练书^832|1101|1086^B0083DP0CY^https://images-cn-4.ssl-images-amazon.com/images/I/61%2BcsqqaWtL._SX258_BO1,204,203,200_QL70_.jpg^图书音像|少儿|少儿/教育图书
388462^TOSHIBA 东芝 黑甲虫系列 2.5寸 500GB USB3.0 移动硬盘(白色)^1057|268|814^B009YOH826^https://images-cn-4.ssl-images-amazon.com/images/I/31d1j%2BAkl%2BL._SY300_QL70_.jpg^存储设备|移动硬盘|电脑/办公
391603^Mentholatum曼秀雷敦肌研极润保湿化妆水170ml(日本热卖4秒1瓶皇牌产品 )^916|451|1123^B00305HHEE^https://images-cn-4.ssl-images-amazon.com/images/I/41oQn6XjZWL._SY300_QL70_.jpg^面部护理|美妆个护|化妆水/爽肤水
392358^五天学会绘画(第22版)^832|1101|1086^B0041Q3GCS^https://images-cn-4.ssl-images-amazon.com/images/I/51-jUtJkb%2BL._SY344_BO1,204,203,200_QL70_.jpg^图书音像|少儿|少儿/教育图书
392686^Transcend 创见 microSDHC Class4 TF卡 16G^1057|268|902^B004OA7J10^https://images-cn-4.ssl-images-amazon.com/images/I/51Vf5L5Fw6L._SY300_QL70_.jpg^存储设备|存储卡|电脑/办公
393377^正能量^832|723|221^B008M124F8^https://images-cn-4.ssl-images-amazon.com/images/I/51NRYTwTSAL._SY344_BO1,204,203,200_QL70_.jpg^政治/军事|人文社科类图书|图书音像
394152^HUAWEI 华为 Ascend P6 3G手机(粉色 电信定制)CDMA2000/GSM、双卡双待,浪漫粉色,品味之选^1128|640|304^B00EUTEK1C^https://images-cn-4.ssl-images-amazon.com/images/I/41SLlMcPLnL._SY300_QL70_.jpg^手机|手机通讯|手机/数码
394313^从你的全世界路过:让所有人心动的故事^832|519|402^B00FXONTU6^https://images-cn-4.ssl-images-amazon.com/images/I/51a1pwY7GkL._SX258_BO1,204,203,200_QL70_.jpg^青春文学|文学艺术|图书音像
394804^Pride and Prejudice (Barnes & Noble Classics Series)^832|476|923^1593082010^https://images-cn-4.ssl-images-amazon.com/images/I/41AZcE4Mi8L._SY344_BO1,204,203,200_QL70_.jpg^其它图书|图书音像|进口图书
395946^浮沉^832|519|1^B001803USA^https://images-cn-4.ssl-images-amazon.com/images/I/51g8RqiwxhL._SY344_BO1,204,203,200_QL70_.jpg^小说|文学艺术|图书音像
396382^森海塞尔 Sennheiser MX80 耳塞式耳机(黑色)^1057|439|992^B004322LB2^https://images-cn-4.ssl-images-amazon.com/images/I/31AbMCcjZIL._SX300_QL70_.jpg^外设产品|耳机/耳麦|电脑/办公
397985^红楼梦^832|519|1^B008AEXE5Q^https://images-cn-4.ssl-images-amazon.com/images/I/51CAiaoRCsL._SY344_BO1,204,203,200_QL70_.jpg^小说|文学艺术|图书音像
397986^穆斯林的葬礼(限量纪念版)^832|723|396^B008AFFJP8^https://images-cn-4.ssl-images-amazon.com/images/I/41MhGaSr0zL._SY344_BO1,204,203,200_QL70_.jpg^哲学/宗教|人文社科类图书|图书音像
398996^HTC T329d CDMA2000/GSM 3G手机(白色 电信定制) 双模双待双通,4.0英寸显示屏,双核1G^1128|640|304^B00AZG2KWA^https://images-cn-4.ssl-images-amazon.com/images/I/41RgSDw9EnL._SY300_QL70_.jpg^手机|手机通讯|手机/数码
402182^Kingston 金士顿 Class4 16G TF卡(micro SD)手机存储卡^1057|268|902^B0044UIYRS^https://images-cn-4.ssl-images-amazon.com/images/I/41Ypp3XQLHL._SY300_QL70_.jpg^存储设备|存储卡|电脑/办公
402488^Transcend 创见 microSDHC Class4 TF卡 8G^1057|268|902^B004OA7J0Q^https://images-cn-4.ssl-images-amazon.com/images/I/51Ys8JXcZUL._SY300_QL70_.jpg^存储设备|存储卡|电脑/办公
403716^Logitech 罗技 M215无线人体工学光电鼠标(黑色 升级型,省电,磨砂质感,三色可选,三年质保)^1057|439|736^B00776T0MY^https://images-cn-4.ssl-images-amazon.com/images/I/41zLUyASjXL._SY300_QL70_.jpg^外设产品|鼠标|电脑/办公
404973^Kingston 金士顿 Class4 32G TF卡(micro SD)手机存储卡 (二合一套装)^1057|268|902^B00HFO7GTM^https://images-cn-4.ssl-images-amazon.com/images/I/419zbd-aWEL._SY300_QL70_.jpg^存储设备|存储卡|电脑/办公
405264^Pride and Prejudice^832|476|923^0812523369^https://images-cn-4.ssl-images-amazon.com/images/I/51L61KsL6IL._SY344_BO1,204,203,200_QL70_.jpg^其它图书|图书音像|进口图书
406697^Merries花王纸尿裤S82片(日本进口全新款)适合4-8kg^911|572|822^B0019C9KMC^https://images-cn-4.ssl-images-amazon.com/images/I/51GdcVwBEeL._SY300_QL70_.jpg^尿裤湿巾|纸尿裤/拉拉裤/纸尿片|母婴/玩具
406937^孩子你慢慢来^832|665|45^B001I44IIC^https://images-cn-4.ssl-images-amazon.com/images/I/41sRE5yYbdL._SY344_BO1,204,203,200_QL70_.jpg^亲子/家教|生活类图书|图书音像
407111^三国演义^832|519|1^B001PM5X9K^https://images-cn-4.ssl-images-amazon.com/images/I/51haHcxWC4L._SY344_BO1,204,203,200_QL70_.jpg^小说|文学艺术|图书音像
407242^欧司朗台灯(理想)STL-T412W-03WT(含欧司朗光源)^571|326|327^B0028K45NS^https://images-cn-4.ssl-images-amazon.com/images/I/31qXSRXTdxL._SY300_QL70_.jpg^灯具|台灯|家具/家装/建材
407375^目送:龙应台^832|723|221^B002PU9B94^https://images-cn-4.ssl-images-amazon.com/images/I/41RMJrpC5WL._SY344_BO1,204,203,200_QL70_.jpg^政治/军事|人文社科类图书|图书音像
407467^山楂树之恋^832|519|1^B0031U0O6G^https://images-cn-4.ssl-images-amazon.com/images/I/51sgFwegd8L._SY344_BO1,204,203,200_QL70_.jpg^小说|文学艺术|图书音像
407523^送你一颗子弹^832|552|115^B00358C4WG^https://images-cn-4.ssl-images-amazon.com/images/I/41hIu%2BPUP%2BL._SY344_BO1,204,203,200_QL70_.jpg^卡通|音像|图书音像
407720^Fuhlen 富勒L400有线键盘USB接口 优雅灰(纤薄、超静音人体工学设计,时尚、舒适超低键帽;防溅洒,激光镭雕技术、字符永不磨损。千万次超长寿命按键)^1057|439|962^B003P2W5P8^https://images-cn-4.ssl-images-amazon.com/images/I/51b%2BlRUDmJL._SY300_QL70_.jpg^外设产品|键盘|电脑/办公
407816^"幸福了吗?(附完整版""白岩松耶鲁大学演讲""光盘1张)"^832|1101|921^B0041D9R8S^https://images-cn-4.ssl-images-amazon.com/images/I/51PuWq263LL._SY344_BO1,204,203,200_QL70_.jpg^图书音像|外语|少儿/教育图书
410608^哈尔斯HB-500F真空吊带保温杯500ml^933|833|743^B0010M577S^https://images-cn-4.ssl-images-amazon.com/images/I/41QCHGhjlML._SY300_QL70_.jpg^保温杯/保温壶|厨房/餐具|家居生活
410716^中日交流标准日本语(初级)(套装上下册)^832|1101|921^B0011685PY^https://images-cn-4.ssl-images-amazon.com/images/I/51PtQsbW%2B-L._SX258_BO1,204,203,200_QL70_.jpg^图书音像|外语|少儿/教育图书
410901^朗文????外研社????新概念英语1(学生用书)(盒装磁带版)(附磁带2盘)^832|1101|921^B0011C194M^https://images-cn-4.ssl-images-amazon.com/images/I/51-xM66lkcL._SX258_BO1,204,203,200_QL70_.jpg^图书音像|外语|少儿/教育图书
411709^PNY 必恩威 巴黎双子盘 香醇摩卡 8GB 优盘^1057|268|378^B003STDEBM^https://images-cn-4.ssl-images-amazon.com/images/I/41zy%2B336wuL._SY300_QL70_.jpg^存储设备|U盘|电脑/办公
413504^Kingston 金士顿 DataTraveler DTSE9/8GB 优盘^1057|268|378^B006W8U2MU^https://images-cn-4.ssl-images-amazon.com/images/I/312ideo1RHL._SY300_QL70_.jpg^存储设备|U盘|电脑/办公
413814^光明与磊落^832|519|402^B007QIM7Q4^https://images-cn-4.ssl-images-amazon.com/images/I/31ahgCpZvTL._SY344_BO1,204,203,200_QL70_.jpg^青春文学|文学艺术|图书音像
414920^SAMSUNG 三星 8GB TF MicroSD/SDHC MB-MS8GB 标准版 存储卡^1057|268|902^B00AK8FR1O^https://images-cn-4.ssl-images-amazon.com/images/I/41CuHUWP2CL._SY300_QL70_.jpg^存储设备|存储卡|电脑/办公
415966^Edifier漫步者 R101T06 2.1声道音箱(黑色 多功能线控器 支持耳机输出)^1057|439|1064^B0010LDYZQ^https://images-cn-4.ssl-images-amazon.com/images/I/417EN5XI%2BEL._SY300_QL70_.jpg^外设产品|电脑/办公|电脑音箱
415968^Mentholatum曼秀雷敦控油抗痘洁面乳 150ml^916|451|406^B0010MBKAG^https://images-cn-4.ssl-images-amazon.com/images/I/41swHYH4wRL._SY300_QL70_.jpg^洁面|面部护理|美妆个护
418330^Kingston 金士顿 32G SDHC Class4 SD卡^57|881|303^B003U6GP1Y^https://images-cn-4.ssl-images-amazon.com/images/I/51YEV8ZphZL._SY300_QL70_.jpg^其他|电玩专用配件|电玩/配件/游戏/攻略
420213^HUAWEI 华为 Ascend P6 联通3G手机 WCDMA/GSM(俊逸黑)^1128|640|304^B00DRARUDK^https://images-cn-4.ssl-images-amazon.com/images/I/41XF0LbJp-L._SY300_QL70_.jpg^手机|手机通讯|手机/数码
422420^三国演义^832|1101|1086^B002D595O2^https://images-cn-4.ssl-images-amazon.com/images/I/41EMYiEiWYL._SY344_BO1,204,203,200_QL70_.jpg^图书音像|少儿|少儿/教育图书
425715^我们仨(大字版)^832|519|599^B00CSJ79QO^https://images-cn-4.ssl-images-amazon.com/images/I/416uOM6O9nL._SY344_BO1,204,203,200_QL70_.jpg^文学艺术|文学类|图书音像
427323^三国演义^832|519|1^B002LOHE8E^https://images-cn-4.ssl-images-amazon.com/images/I/51eIkAtBwAL._SY344_BO1,204,203,200_QL70_.jpg^小说|文学艺术|图书音像
427878^麦田里的守望者(纪念版)^832|1101|1086^B003J6NAPE^https://images-cn-4.ssl-images-amazon.com/images/I/41Q7pTKnjpL._SY344_BO1,204,203,200_QL70_.jpg^图书音像|少儿|少儿/教育图书
427957^Rocher费列罗T3榛果威化巧克力37.5g*16 (整盒销售) (进口)^67|550|230^B003NNVIC0^https://images-cn-4.ssl-images-amazon.com/images/I/51htPg4-E5L._SY300_QL70_.jpg^食品/保健|进口巧克力|进口食品
428192^千纤草玫瑰水500ml^916|451|1123^B003X0BSPK^https://images-cn-4.ssl-images-amazon.com/images/I/31NUDJtW7dL._SY300_QL70_.jpg^面部护理|美妆个护|化妆水/爽肤水
429975^Logitech 罗技 M215无线人体工学光电鼠标(红色 升级型,,省电,磨砂质感,三色可选,三年质保)^1057|439|736^B00776T2ZE^https://images-cn-4.ssl-images-amazon.com/images/I/41JCwoZdqHL._SY300_QL70_.jpg^外设产品|鼠标|电脑/办公
432403^狼图腾^832|519|1^B0011DXNJ0^https://images-cn-4.ssl-images-amazon.com/images/I/413YKCE8psL._SY344_BO1,204,203,200_QL70_.jpg^小说|文学艺术|图书音像
432833^Elizabeth Arden伊丽莎白雅顿第五大道喷式淡香水75ml(进)^916|416|553^B0018LW0SA^https://images-cn-4.ssl-images-amazon.com/images/I/41fg4E-teGL._SY300_QL70_.jpg^彩妆|香水|美妆个护
433376^森海塞尔 Sennheiser CX 200 STREET II 入耳机耳机(黑色 是你在小巷里或人行道上的绝佳伙伴)^1057|439|992^B0028K32QE^https://images-cn-4.ssl-images-amazon.com/images/I/41SE4rhBdjL._SY300_QL70_.jpg^外设产品|耳机/耳麦|电脑/办公
435710^NOKIA诺基亚1050 超长待机直板手机(蓝)^1128|640|304^B00CK4VIPU^https://images-cn-4.ssl-images-amazon.com/images/I/41pprcSAR6L._SY300_QL70_.jpg^手机|手机通讯|手机/数码
435843^SanDisk 闪迪 microSDHC Class10 64GB 至尊极速移动存储卡 UHS-1制式 读取速度最高可达80MB/s 金红色^1057|268|902^B00D6XTMFC^https://images-cn-4.ssl-images-amazon.com/images/I/41MY3FVBFbL._SX300_QL70_.jpg^存储设备|存储卡|电脑/办公
435905^TOSHIBA 东芝 16G TF(microSDHC)存储卡(Class10)30MB/s 黑色^1057|268|902^B00DGMU4BY^https://images-cn-4.ssl-images-amazon.com/images/I/41fJxFdNIFL._SY300_QL70_.jpg^存储设备|存储卡|电脑/办公
437230^三杯茶^832|519|1^B001J0083Y^https://images-cn-4.ssl-images-amazon.com/images/I/5146UDza%2BDL._SY344_BO1,204,203,200_QL70_.jpg^小说|文学艺术|图书音像
437778^Rocher费列罗T24钻石装榛果威化巧克力300g (进口)^67|550|230^B003NNVIBQ^https://images-cn-4.ssl-images-amazon.com/images/I/511FnaP7-yL._SY300_QL70_.jpg^食品/保健|进口巧克力|进口食品
437831^PNY 必恩威 纽约双子盘 天空蓝 32GB 优盘^1057|268|378^B003STDEEY^https://images-cn-4.ssl-images-amazon.com/images/I/410QL8pS4cL._SY300_QL70_.jpg^存储设备|U盘|电脑/办公
438137^MERCURY 水星网络 MW300R 11N 300M无线宽带路由器(此款产品老版本为8个显示灯,新老版本随机发货)^1057|390|815^B004HFQMK6^https://images-cn-4.ssl-images-amazon.com/images/I/31KfAMMdg4L._SY300_QL70_.jpg^网络设备|路由器/中继器|电脑/办公
438242^EARISE 雅兰仕AL-202 2.0声道 线控 笔记本音箱 (黑色)^1057|439|1064^B004KJE3OG^https://images-cn-4.ssl-images-amazon.com/images/I/41F1x3mdPsL._SY300_QL70_.jpg^外设产品|电脑/办公|电脑音箱
442155^红楼梦^832|519|1^B0011AELCQ^https://images-cn-4.ssl-images-amazon.com/images/I/517hDTT%2BO7L._SY344_BO1,204,203,200_QL70_.jpg^小说|文学艺术|图书音像
442300^人生若只如初见^832|519|599^B0011BTNSM^https://images-cn-4.ssl-images-amazon.com/images/I/41kcaeWon7L._SY344_BO1,204,203,200_QL70_.jpg^文学艺术|文学类|图书音像
442353^三国演义^832|519|1^B0011BZQRO^https://images-cn-4.ssl-images-amazon.com/images/I/51Wyy6utXlL._SY344_BO1,204,203,200_QL70_.jpg^小说|文学艺术|图书音像
443574^天堂伞三折自开自收超大晴雨伞 黑色 3331E碰 (一甩干) 两种图案随机发放^933|659|442^B002C1AUT6^https://images-cn-4.ssl-images-amazon.com/images/I/41eJ7w4M%2BlL._SY300_QL70_.jpg^雨伞/阳伞/配件|生活日用|家居生活
443787^美的加湿器S20U-M米宝宝(颜色随机)^222|397|248^B002OL1Q4C^https://images-cn-4.ssl-images-amazon.com/images/I/415XuLOUXOL._SY300_QL70_.jpg^家用电器|加湿/除湿器|生活电器
444361^Kingston 金士顿 KVR1333 2G笔记本内存(DDR3 1333 2G)^1057|24|851^B003N64OCS^https://images-cn-4.ssl-images-amazon.com/images/I/51-N0zdMRXL._SY300_QL70_.jpg^笔记本/平板配件|笔记本配件|电脑/办公
444886^Elizabeth Arden伊丽莎白雅顿保湿调理露200ml(进)^916|451|730^B00499BWBO^https://images-cn-4.ssl-images-amazon.com/images/I/31lK1ZfTVYL._SY300_QL70_.jpg^面部护理|面霜/乳液|美妆个护
445047^FLYCO飞科剃须刀FS711(电动充电 旋转式双刀头 全网爆款 双环贴面刀网 磨砂外观 轻触式开关)^222|621|691^B004SX75A8^https://images-cn-4.ssl-images-amazon.com/images/I/41pQ55DSZqL._SY300_QL70_.jpg^家用电器|个人护理电器|电动剃须刀
445112^FBI教你读心术(钻石升级版)^832|151|305^B005097VHQ^https://images-cn-4.ssl-images-amazon.com/images/I/51lXVYWJKzL._SY344_BO1,204,203,200_QL70_.jpg^经管类图书|成功/励志|图书音像
446144^Tenda 腾达N300 300M无线路由器(20个一箱,整箱出货)^1057|390|815^B00COGBNZY^https://images-cn-4.ssl-images-amazon.com/images/I/31TEJetNgML._SY300_QL70_.jpg^网络设备|路由器/中继器|电脑/办公
447129^森海塞尔 Sennheiser HD201 头戴式封闭立体声耳机(拥有较好的隔音效能和舒适的佩戴感受 )^1057|439|992^B0010LH21I^https://images-cn-4.ssl-images-amazon.com/images/I/41G0nDoA9wL._SY300_QL70_.jpg^外设产品|耳机/耳麦|电脑/办公
448229^Edifier漫步者 R201T08 2.1声道音箱(黑色 百万经典音箱最新升级版)^1057|439|1064^B0017H97TK^https://images-cn-4.ssl-images-amazon.com/images/I/41f197vb9iL._SY300_QL70_.jpg^外设产品|电脑/办公|电脑音箱
448553^红楼梦^832|519|1^B00358K70M^https://images-cn-4.ssl-images-amazon.com/images/I/51ckRy4JiZL._SY344_BO1,204,203,200_QL70_.jpg^小说|文学艺术|图书音像
448603^Kingston 金士顿 KVR1333D3S8N9/2G 台式机内存(DDR3 1333 2G)^1057|818|652^B003N64O78^https://images-cn-4.ssl-images-amazon.com/images/I/41dTcA0YjVL._SY300_QL70_.jpg^内存|电脑硬件|电脑/办公
449909^夏洛的网^1057|346|192^B007NDJLF2^https://images-cn-4.ssl-images-amazon.com/images/I/51yLdGFQwwL._SY344_BO1,204,203,200_QL70_.jpg^网络会员卡/付费卡|软件/服务|电脑/办公
450131^SanDisk 闪迪 microSDHC Class10 16GB至尊高速移动存储卡 UHS-1制式 读写速度最高可达30MB/s^1057|268|902^B007XZL7PC^https://images-cn-4.ssl-images-amazon.com/images/I/41yP-zBY53L._SX300_QL70_.jpg^存储设备|存储卡|电脑/办公
450680^时寒冰说:欧债真相警示中国^832|151|353^B008V3QBJC^https://images-cn-4.ssl-images-amazon.com/images/I/51mmNFPOfUL._SY344_BO1,204,203,200_QL70_.jpg^经管类图书|经济|图书音像
452195^韩寒MOOK1:很高兴见到你^832|519|402^B00E5TR6TK^https://images-cn-4.ssl-images-amazon.com/images/I/41D552YPMkL._SY344_BO1,204,203,200_QL70_.jpg^青春文学|文学艺术|图书音像
452966^台电 X19+ MP3播放器(4GB 70小时超长待机 支持FM、无损音乐播放)^1128|348|995^B001LDJEQQ^https://images-cn-4.ssl-images-amazon.com/images/I/41NEHdPZVJL._SX300_QL70_.jpg^数码影音|mp3/mp4|手机/数码
453473^逃离^832|1101|1086^B002LEUOS6^https://images-cn-4.ssl-images-amazon.com/images/I/416KSaLM%2BYL._SY344_BO1,204,203,200_QL70_.jpg^图书音像|少儿|少儿/教育图书
454268^PNY 必恩威 巴黎双子盘 香醇摩卡 32GB 优盘^1057|268|378^B003STDEC6^https://images-cn-4.ssl-images-amazon.com/images/I/41COCHzqvaL._SY300_QL70_.jpg^存储设备|U盘|电脑/办公
457976^我们仨^832|723|586^B00116TMWE^https://images-cn-4.ssl-images-amazon.com/images/I/41d6KLz9MDL._SY344_BO1,204,203,200_QL70_.jpg^传记|人文社科类图书|图书音像
458097^三国演义(上下)^832|519|1^B0011AK6PM^https://images-cn-4.ssl-images-amazon.com/images/I/51oXOSY4rpL._SY344_BO1,204,203,200_QL70_.jpg^小说|文学艺术|图书音像
458993^Casio 卡西欧三眼计时精钢EDIFICE指针系列男表 EF-316D-1AVDR^486|487|706^B0016GJVY8^https://images-cn-4.ssl-images-amazon.com/images/I/51lpVQu%2B3DL._SY300_QL70_.jpg^钟表/首饰/眼镜/礼品|钟表|手表
459600^儿童动物百科全书^832|665|285^B00264G2IW^https://images-cn-4.ssl-images-amazon.com/images/I/61fOjNlt39L._SX258_BO1,204,203,200_QL70_.jpg^育儿/早教|生活类图书|图书音像
460034^天才在左疯子在右^832|723|189^B0036OR3Z2^https://images-cn-4.ssl-images-amazon.com/images/I/41rXbc86s%2BL._SY344_BO1,204,203,200_QL70_.jpg^社会科学|人文社科类图书|图书音像
460360^Styliving宝裕合BFNC066B烤黑漆迷你四层置物架^933|217|224^B004323XTQ^https://images-cn-4.ssl-images-amazon.com/images/I/41Ri4BCfTeL._SY300_QL70_.jpg^收纳整理|收纳|家居生活
461938^WD 西部数据 My Passport 2.5' USB3.0 2TB移动硬盘(蓝色 WDBY8L0020BBL-PESN-CH)^1057|268|814^B00CAE5XXS^https://images-cn-4.ssl-images-amazon.com/images/I/311ClGO6uuL._SY300_QL70_.jpg^存储设备|移动硬盘|电脑/办公
463424^朗文????外研社????新概念英语2(学生用书)(盒装磁带版)(附磁带3盘)^832|1101|921^B0011C194W^https://images-cn-4.ssl-images-amazon.com/images/I/51oBNK7xr3L._SX258_BO1,204,203,200_QL70_.jpg^图书音像|外语|少儿/教育图书
464219^PNY 必恩威 巴黎双子盘 香醇摩卡 16GB 优盘^1057|268|378^B003STDEBW^https://images-cn-4.ssl-images-amazon.com/images/I/41K6z%2BSuDyL._SY300_QL70_.jpg^存储设备|U盘|电脑/办公
466020^Kingston 金士顿 DataTraveler DTSE9/16GB 优盘^1057|268|378^B006W8U2WU^https://images-cn-4.ssl-images-amazon.com/images/I/312ideo1RHL._SY300_QL70_.jpg^存储设备|U盘|电脑/办公
466683^Kingston 金士顿 DataTraveler 101 G2 64GB 绿色 优盘^1057|268|378^B0089VAK2A^https://images-cn-4.ssl-images-amazon.com/images/I/41R3wqq9j0L._SY300_QL70_.jpg^存储设备|U盘|电脑/办公
466978^ONDA 昂达 VX330 4G MP3 黑色^1128|348|995^B008TN7LG6^https://images-cn-4.ssl-images-amazon.com/images/I/41pmyPkPfaL._SY300_QL70_.jpg^数码影音|mp3/mp4|手机/数码
467716^红宝书?考研英语词汇:必考词+基础词+超纲词(2014)(附精缩版《考研英语词汇》+练习册+带字幕MP3光盘)^832|1101|921^B00B7U9THC^https://images-cn-4.ssl-images-amazon.com/images/I/51FkczKCSML._SY344_BO1,204,203,200_QL70_.jpg^图书音像|外语|少儿/教育图书
469516^傲慢与偏见(英文版)^832|1101|921^B001IXR5GK^https://images-cn-4.ssl-images-amazon.com/images/I/51oDRwjsCaL._SX258_BO1,204,203,200_QL70_.jpg^图书音像|外语|少儿/教育图书
469706^围城^832|519|1^B001Q9EJHY^https://images-cn-4.ssl-images-amazon.com/images/I/51ZG%2BIp2urL._SY344_BO1,204,203,200_QL70_.jpg^小说|文学艺术|图书音像
470165^朱镕基答记者问^832|723|221^B002NEF2D6^https://images-cn-4.ssl-images-amazon.com/images/I/41lJP1cHbqL._SY344_BO1,204,203,200_QL70_.jpg^政治/军事|人文社科类图书|图书音像
470839^韩寒:独唱团(第1辑)^832|519|402^B003SLE38I^https://images-cn-4.ssl-images-amazon.com/images/I/51wDiU3JacL._SY344_BO1,204,203,200_QL70_.jpg^青春文学|文学艺术|图书音像
470952^千纤草苦瓜水500ml^916|451|1123^B003X0BSQ4^https://images-cn-4.ssl-images-amazon.com/images/I/312q1nsw9PL._SY300_QL70_.jpg^面部护理|美妆个护|化妆水/爽肤水
472207^Dell 戴尔 光电鼠标 MS111 USB雅致黑色(正版盒装)(MS111-P,MS111-L混装)^1057|439|736^B008S629S4^https://images-cn-4.ssl-images-amazon.com/images/I/312Jk61sz%2BL._SY300_QL70_.jpg^外设产品|鼠标|电脑/办公
472792^HUAWEI 华为 Ascend P6 3G手机(俊逸黑 电信定制)CDMA2000/GSM、双卡双待、纤薄机身、金属质感、800万像素、android 4.2系统、4.7英寸屏幕^1128|640|304^B00E19027W^https://images-cn-4.ssl-images-amazon.com/images/I/41uMvmy2ddL._SY300_QL70_.jpg^手机|手机通讯|手机/数码
473113^活着^832|552|892^B00GLJG7R4^https://images-cn-4.ssl-images-amazon.com/images/I/51UETWQschL._SY344_BO1,204,203,200_QL70_.jpg^音像|图书音像|有声读物
473380^Pride and Prejudice^832|476|923^0141804459^https://images-cn-4.ssl-images-amazon.com/images/I/51w%2B%2BcenGyL._SX258_BO1,204,203,200_QL70_.jpg^其它图书|图书音像|进口图书
473843^心理学与生活^832|723|189^B00116TQC0^https://images-cn-4.ssl-images-amazon.com/images/I/51joXn6kCdL._SY344_BO1,204,203,200_QL70_.jpg^社会科学|人文社科类图书|图书音像
474201^如何说孩子才会听 怎么听孩子才肯说^832|665|45^B0011C57ZE^https://images-cn-4.ssl-images-amazon.com/images/I/51Qk-5K4BTL._SY344_BO1,204,203,200_QL70_.jpg^亲子/家教|生活类图书|图书音像
474797^红楼梦^832|519|1^B001E47AD6^https://images-cn-4.ssl-images-amazon.com/images/I/51tr1jbAZyL._SY344_BO1,204,203,200_QL70_.jpg^小说|文学艺术|图书音像
474853^查名一猫防水防泪睫毛组合(睫毛膏8ml+眼线液6ml)^916|416|255^B001LK780S^https://images-cn-4.ssl-images-amazon.com/images/I/31fB78eT38L._SY300_QL70_.jpg^睫毛膏|彩妆|美妆个护
480396^Friso美素佳儿金装3段幼儿配方奶粉900g原装进口^911|39|122^B003M5GWUW^https://images-cn-4.ssl-images-amazon.com/images/I/41H%2BC0ESgRL._SY300_QL70_.jpg^奶粉|婴儿配方奶粉|母婴/玩具
480639^Bear小熊 酸奶机 SNJ-10A2(不锈钢内胆)特价强力推荐(白色)(亚马逊独家订制)^222|964|1020^B003VM7WBE^https://images-cn-4.ssl-images-amazon.com/images/I/41E1m%2BLhDXL._SY300_QL70_.jpg^家用电器|厨房电器|酸奶机
480671^千纤草芦荟水500ml^916|451|1123^B003X0BSPU^https://images-cn-4.ssl-images-amazon.com/images/I/31AkVEK04pL._SY300_QL70_.jpg^面部护理|美妆个护|化妆水/爽肤水
485520^洗颜专科柔澈泡沫洁面乳120g(资生堂授权正品)(进)^916|451|406^B001CC1VV2^https://images-cn-4.ssl-images-amazon.com/images/I/41D-6W8OnXL._SY300_QL70_.jpg^洁面|面部护理|美妆个护
486230^我最想要的化妆书^832|665|117^B0032UX2Z0^https://images-cn-4.ssl-images-amazon.com/images/I/51BgXXH0vlL._SX258_BO1,204,203,200_QL70_.jpg^时尚/美妆|生活类图书|图书音像
487126^虚实之间^832|519|599^B007STGNDO^https://images-cn-4.ssl-images-amazon.com/images/I/412qSligE2L._SY344_BO1,204,203,200_QL70_.jpg^文学艺术|文学类|图书音像
487643^ZTE 中兴 U795智能3G手机(黑)移动定制版、4.0英寸屏幕、Android系统^1128|640|304^B009S2TLEW^https://images-cn-4.ssl-images-amazon.com/images/I/41JgcSDR3gL._SY300_QL70_.jpg^手机|手机通讯|手机/数码
489000^Kingston 金士顿 Class10 8G TF卡(micro SD)手机存储卡 (二合一套装)^1057|268|902^B00HFO7H00^https://images-cn-4.ssl-images-amazon.com/images/I/41hCYBzAzML._SY300_QL70_.jpg^存储设备|存储卡|电脑/办公
489110^Pride and Prejudice^832|476|923^0674049160^https://images-cn-4.ssl-images-amazon.com/images/I/51eFVqDgjLL._SX258_BO1,204,203,200_QL70_.jpg^其它图书|图书音像|进口图书
489369^英语词汇的奥秘(修订本)^832|1101|1116^B001168O1O^https://images-cn-4.ssl-images-amazon.com/images/I/51dPPX1EIdL._SY344_BO1,204,203,200_QL70_.jpg^图书音像|少儿/教育图书|考试
489542^穆斯林的葬礼^832|723|221^B0011C203Q^https://images-cn-4.ssl-images-amazon.com/images/I/41YCkwcK8TL._SY344_BO1,204,203,200_QL70_.jpg^政治/军事|人文社科类图书|图书音像
492579^红楼梦^832|1101|1086^B007ZZ9FQ8^https://images-cn-4.ssl-images-amazon.com/images/I/51ebqcYP-gL._SY344_BO1,204,203,200_QL70_.jpg^图书音像|少儿|少儿/教育图书
492675^WD 西部数据 My Passport 2.5' USB3.0 1TB移动硬盘 (黑色 WDBBEP0010BBK-PESN-CH)^1057|268|814^B0084A5GMA^https://images-cn-4.ssl-images-amazon.com/images/I/316FJos21PL._SY300_QL70_.jpg^存储设备|移动硬盘|电脑/办公
493410^Samsung 三星 Micro SDHC(TF) 32G Class10 48MB/S UHS-1 升级版 高速存储卡^1057|268|902^B00A6MCGU4^https://images-cn-4.ssl-images-amazon.com/images/I/41ldQpAnBSL._SY300_QL70_.jpg^存储设备|存储卡|电脑/办公
493989^NOKIA诺基亚1050 超长待机直板手机(黑)^1128|640|304^B00CK2U10U^https://images-cn-4.ssl-images-amazon.com/images/I/41BZmg1u7lL._SY300_QL70_.jpg^手机|手机通讯|手机/数码
494800^红楼梦(新版)^832|723|1052^B0011BYFXA^https://images-cn-4.ssl-images-amazon.com/images/I/51g7H1okmWL._SY344_BO1,204,203,200_QL70_.jpg^人文社科类图书|图书音像|古籍
494817^红楼梦^832|723|1052^B0011BZQRY^https://images-cn-4.ssl-images-amazon.com/images/I/51yXTG5o7lL._SY344_BO1,204,203,200_QL70_.jpg^人文社科类图书|图书音像|古籍
495238^白鹿原^832|519|1^B001AM2LBS^https://images-cn-4.ssl-images-amazon.com/images/I/51t8BfBuwFL._SY344_BO1,204,203,200_QL70_.jpg^小说|文学艺术|图书音像
495256^朗文????外研社????新概念英语3:培养技能(新版)^832|1101|921^B001AVUDM8^https://images-cn-4.ssl-images-amazon.com/images/I/51q4QfcltsL._SX258_BO1,204,203,200_QL70_.jpg^图书音像|外语|少儿/教育图书
495474^乐扣乐扣(lock&lock)手提型运动水壶HPP721(500ml)^933|833|289^B001GNBOQ4^https://images-cn-4.ssl-images-amazon.com/images/I/41ixbSsXs%2BL._SY300_QL70_.jpg^杯具/水壶|厨房/餐具|家居生活
496884^Kingston 金士顿 DataTraveler 101 G2 8GB 优盘^1057|268|378^B003TJ99LK^https://via.placeholder.com/350x150^存储设备|U盘|电脑/办公
496910^Kingston 金士顿 4G microSDHC Class4 TF卡^1057|268|902^B003U6GP2I^https://images-cn-4.ssl-images-amazon.com/images/I/41y1yZZzAYL._SX300_QL70_.jpg^存储设备|存储卡|电脑/办公
497901^史蒂夫????乔布斯传(附印作者签章)^832|723|586^B0060IDE40^https://images-cn-4.ssl-images-amazon.com/images/I/41VgU1tgxeL._SX258_BO1,204,203,200_QL70_.jpg^传记|人文社科类图书|图书音像
498020^SanDisk闪迪ExtremeSDHCUHS-1Class10300X32G至尊极速高清SD卡-45MB/s(新老包装随机发货)^1057|268|902^B0077701AI^https://images-cn-4.ssl-images-amazon.com/images/I/5146tXHceoL._SY300_QL70_.jpg^存储设备|存储卡|电脑/办公
499330^Pride and Prejudice^832|476|923^0099511150^https://images-cn-4.ssl-images-amazon.com/images/I/51PXTPWJWXL._SY344_BO1,204,203,200_QL70_.jpg^其它图书|图书音像|进口图书
499898^人间词话 手稿本全编^832|519|599^B00116TCX8^https://images-cn-4.ssl-images-amazon.com/images/I/51tZT18-GsL._SY344_BO1,204,203,200_QL70_.jpg^文学艺术|文学类|图书音像
500803^红楼梦^832|723|1052^B001B1FD36^https://images-cn-4.ssl-images-amazon.com/images/I/51YAT1f4eaL._SY344_BO1,204,203,200_QL70_.jpg^人文社科类图书|图书音像|古籍
501559^A4Tech 双飞燕OP-520NU有线针光鼠标USB接口 黑色 (针光引擎:新一代针光技术,超强过界 穿透三维,定位精准,毛上也照飞)^1057|439|736^B004XKWWEK^https://images-cn-4.ssl-images-amazon.com/images/I/31k9g-C2h-L._SY300_QL70_.jpg^外设产品|鼠标|电脑/办公
505204^朗文?外研社?新概念英语1:英语初阶(新版)^832|1101|921^B001AVUDLY^https://images-cn-4.ssl-images-amazon.com/images/I/51%2BdUNC8jkL._SX258_BO1,204,203,200_QL70_.jpg^图书音像|外语|少儿/教育图书
505324^乐扣乐扣(lock&lock) 手提型运动水壶HPP722(700ML)^933|833|289^B001GNBOPU^https://images-cn-4.ssl-images-amazon.com/images/I/414eMhR0bDL._SY300_QL70_.jpg^杯具/水壶|厨房/餐具|家居生活
505556^Casio 卡西欧EDIFICE系列三眼六针石英男表 EF-305D-1AVDR^486|487|706^B001XCVEQ8^https://images-cn-4.ssl-images-amazon.com/images/I/51hdpobqULL._SY300_QL70_.jpg^钟表/首饰/眼镜/礼品|钟表|手表
505708^每天懂一点色彩心理学^832|723|189^B002COIFS6^https://images-cn-4.ssl-images-amazon.com/images/I/518ZpQSOz9L._SY344_BO1,204,203,200_QL70_.jpg^社会科学|人文社科类图书|图书音像
507644^你是人间的四月天^832|519|1^B00515JQYK^https://images-cn-4.ssl-images-amazon.com/images/I/41n9yJRcBTL._SY344_BO1,204,203,200_QL70_.jpg^小说|文学艺术|图书音像
508378^TOSHIBA 东芝 黑甲虫系列 2.5寸 1TB USB3.0 移动硬盘(黑色)^1057|268|814^B0067H7UBW^https://images-cn-4.ssl-images-amazon.com/images/I/31oikEzq2QL._SY300_QL70_.jpg^存储设备|移动硬盘|电脑/办公
508418^SAMSUNG 三星 8G microSDHC Class6 标准版 TF卡 MB-MS8GA/CN^1057|268|902^B006BT2NB8^https://images-cn-4.ssl-images-amazon.com/images/I/41e9wrlgIlL._SY300_QL70_.jpg^存储设备|存储卡|电脑/办公
508447^小时代3.0刺金时代(限量版)(附郭敬明最新写真明信片+海报二十张+特制3D眼镜+精美大开海报4张)^832|519|402^B006GK1B0G^https://images-cn-4.ssl-images-amazon.com/images/I/514%2ByTYTgOL._SY344_BO1,204,203,200_QL70_.jpg^青春文学|文学艺术|图书音像
511015^万历十五年^832|723|221^B0011CML4Y^https://images-cn-4.ssl-images-amazon.com/images/I/51aFUdyCbXL._SY344_BO1,204,203,200_QL70_.jpg^政治/军事|人文社科类图书|图书音像
511582^一个女人的成长^832|151|305^B001AP51FI^https://images-cn-4.ssl-images-amazon.com/images/I/51V76Su5HGL._SY344_BO1,204,203,200_QL70_.jpg^经管类图书|成功/励志|图书音像
511606^语文新课标必读丛书:平凡的世界(增订版)(套装共3册)^832|1101|374^B001BKF3P0^https://images-cn-4.ssl-images-amazon.com/images/I/41-4ruKnzCL._SY344_BO1,204,203,200_QL70_.jpg^中小学教辅|图书音像|少儿/教育图书
517319^TP-LINK TL-WR700N 150M迷你型无线路由器^1057|390|815^B0052WLKFU^https://images-cn-4.ssl-images-amazon.com/images/I/31E9aIHlbBL._SY300_QL70_.jpg^网络设备|路由器/中继器|电脑/办公
517740^步步惊心(新版)(附精美明信片)^832|519|402^B005MM1VGI^https://images-cn-4.ssl-images-amazon.com/images/I/51cl56NMqNL._SY344_BO1,204,203,200_QL70_.jpg^青春文学|文学艺术|图书音像
518002^中外名家经典诗歌:你是人间的四月天(林微因卷)^832|519|599^B0069JPYMU^https://images-cn-4.ssl-images-amazon.com/images/I/31PAtUdTyTL._SY344_BO1,204,203,200_QL70_.jpg^文学艺术|文学类|图书音像
519396^WD 西部数据 My Passport 2.5' USB3.0 500G 蓝色 移动硬盘 (联强套装 WDBKXH5000ABL-PESN-CH 内附硬盘保护套)^1057|268|814^B009GCG886^https://images-cn-4.ssl-images-amazon.com/images/I/31V0q5StP%2BL._SY300_QL70_.jpg^存储设备|移动硬盘|电脑/办公
519576^看见^832|1101|1086^B00AH6OXP0^https://images-cn-4.ssl-images-amazon.com/images/I/514%2BeSruIHL._SY344_BO1,204,203,200_QL70_.jpg^图书音像|少儿|少儿/教育图书
520943^穆斯林的葬礼^571|165^B0011BQILW^https://images-cn-4.ssl-images-amazon.com/images/I/417dsC9NdOL._SY344_BO1,204,203,200_QL70_.jpg^工艺饰品|家具/家装/建材
521614^365天英语口语大全:日常口语(附赠MP3光盘1张)^832|1101|921^B001EJNW7E^https://images-cn-4.ssl-images-amazon.com/images/I/51ndQQa8QEL._SX258_BO1,204,203,200_QL70_.jpg^图书音像|外语|少儿/教育图书
521794^培养孩子好性格的80个经典维尼故事(第2版)^832|1101|1086^B001L8KAEG^https://images-cn-4.ssl-images-amazon.com/images/I/611N4OOxGUL._SX258_BO1,204,203,200_QL70_.jpg^图书音像|少儿|少儿/教育图书
